date,meantemp,humidity,wind_speed,meanpressure
2020-01-01,-0.1435762149441781,0.4901538205667995,-1.7153104272646387,1.6938730469482888
2020-01-02,-0.35712685280851336,1.109241022005747,-1.814651603996578,1.6809850249322087
2020-01-03,-0.23073986137333374,0.4916697479021327,1.0014224199657031,1.014765621999051
2020-01-04,0.061213425614522796,0.7734611561313206,1.0414146942209073,1.444558406119231
2020-01-05,-0.44626746215340524,1.4801974572784784,-0.34674724888584185,1.5377429969151837
2020-01-06,-0.324087795202157,1.2508843191257146,1.0334019862671142,1.7004566254053644
2020-01-07,0.12389591692140062,1.2777793779915587,-0.15804135806029782,1.5148816414595532
2020-01-08,0.10957754799049725,0.8306433663894089,2.486527737928842,1.385719403098969
2020-01-09,0.2754378929661802,1.2968815451478841,0.9585533634394562,1.260480118100167
2020-01-10,0.18959736298109708,1.328748472676633,0.39560526648377625,1.4031363513848656
2020-01-11,0.22084719120197965,0.3973800971494599,-1.3551160660488262,1.2452752789653185
2020-01-12,0.2955294243798314,1.1039735614254043,0.6170788996862421,1.7624912955681749
2020-01-13,-0.24730217856043904,1.342490347063911,0.23304482234851603,1.4500079048454242
2020-01-14,-0.2482061771698037,0.35600711975561905,-1.6581586202350793,1.45665994042543
2020-01-15,-0.047974385800150385,0.9220350973108287,0.7697248480878351,1.5154528404145602
2020-01-16,-0.04406980278101239,1.3011597238516057,-0.2985395732389859,1.7034140714891615
2020-01-17,0.142482124274154,1.384163076557986,-1.380806724126636,0.9398308002164579
2020-01-18,0.28807252799771615,0.9238645743937424,0.02987240341866077,1.414258887248746
2020-01-19,0.04135344981962448,1.3129629691886677,0.5748205567768507,1.3019104899403318
2020-01-20,-0.07393473589494716,1.203945255990358,-0.3523077402000189,1.2757613153289704
2020-01-21,0.8228972788617479,1.5894514686460934,1.142942751675816,1.613223551395839
2020-01-22,0.4815564130638368,1.2800033546140233,-1.4827382162055123,0.8802870194331056
2020-01-23,0.6276056522623068,1.522559582527531,-0.4513130946045537,1.3059963195154183
2020-01-24,0.21539473354948258,1.0386155437400928,-0.23509124805613998,1.2343001572620775
2020-01-25,0.6170661348689999,1.0347237868151136,-0.9783761787145391,1.2105427375974016
2020-01-26,0.30442056077480445,1.0834837904587753,-1.3967654251073582,1.1590488506662422
2020-01-27,0.6714990710432427,1.6532479479581113,0.12359628919037825,1.4974807489840805
2020-01-28,0.26394511726350756,0.9781683555339163,-0.7523785510881613,1.2609407102513461
2020-01-29,0.22710584350000781,0.8452992443890572,1.0905182262516877,1.3522551253471724
2020-01-30,0.8786298948772439,0.846211349668832,-0.7238428563936498,1.2988072797239785
2020-01-31,0.8090453799255394,1.467617440581716,0.6711281985758389,1.4356644030113948
2020-02-01,0.8275178925942425,1.3382116574847063,0.4343668128570666,1.9617203409404222
2020-02-02,0.7049314890450921,1.4450582928650286,1.7905953196680995,1.0865142307485578
2020-02-03,0.08691436059074444,1.3209851488787592,-0.8121453897573173,0.9638647742788404
2020-02-04,0.6812508380186308,0.6924762317137817,-1.0369427420721717,1.6174546142187103
2020-02-05,0.8614717514445518,1.3782761002410424,0.12936812289995164,0.8358451897979735
2020-02-06,0.8362545508845405,1.0376072075573752,-1.2915922503946156,0.6550522028833644
2020-02-07,0.7815615031492787,1.2657150946889375,-0.33811648137891753,1.4100615249303243
2020-02-08,0.33839447327865607,1.4353520499799155,0.8834464099182308,1.1813220970137495
2020-02-09,1.0136547432286855,1.8048964148873916,-0.9311027609504383,0.9727103356849732
2020-02-10,0.6694723215069958,1.6579037207075331,1.3532094330863185,1.102750058336825
2020-02-11,0.9043569941492239,1.3219940273331947,-0.8608514200703241,1.059959339056658
2020-02-12,0.749710697578566,1.546966080816624,0.6822676094481653,1.2939621269242567
2020-02-13,0.5762540751710096,1.4337264433046342,0.3234693520648688,1.3862119969929574
2020-02-14,1.1337379470967412,1.3790771400370012,-1.5980354354151847,0.789339526144339
2020-02-15,0.6617860755925045,1.5349540451873094,0.6862593908634056,1.1633937064809021
2020-02-16,1.283352966410719,1.6263251252640472,-0.5564950007628471,0.661495316807824
2020-02-17,0.7953960023693982,1.1759922966785181,0.7474245296086607,0.49180113287464
2020-02-18,0.9649481937599701,1.8300781281035223,-0.7382651017734542,1.1554726565816333
2020-02-19,0.9389489280995187,1.1403530388600405,-0.2860897204027388,0.849413520294897
2020-02-20,0.7646004289635213,1.1917446670491085,-1.3240413125423125,0.37031822572573453
2020-02-21,1.066220490145743,1.5022128975135844,0.6576131067992682,1.064675455638477
2020-02-22,0.7507107055038796,0.7080560058155695,-0.5683947307782493,1.1819663978342738
2020-02-23,0.5737757339931502,0.9672606780659095,1.857947929788288,1.0245080762940533
2020-02-24,1.3378760710044328,1.3890267952275062,-0.8169381286178622,1.2057722628821639
2020-02-25,0.8408681335164399,1.461935536970803,2.1867353156257203,0.7995504444976452
2020-02-26,0.6387665484593247,1.563961497874049,-1.219527369073641,0.6245463520304442
2020-02-27,0.9315303503081858,1.7574986229102765,-2.031726597920597,0.5826790830704667
2020-02-28,1.012787982117236,1.1299331315237238,-0.598743874519151,0.6964255393137181
2020-02-29,0.950926010784683,1.1147590149011202,-0.03336674504726743,0.24917113723018441
2020-03-01,1.4705130270909013,1.552228324176971,-0.1087821671320238,0.6048902109309028
2020-03-02,1.0282127931632699,1.596329351126409,0.7594143024589517,0.9681691814806355
2020-03-03,1.0504351011483106,2.040737113507474,-1.5253518562482635,0.6705759145668772
2020-03-04,1.1529568117601492,1.5869377974839942,0.056613350552307824,0.7948743709763786
2020-03-05,0.9646611716675282,1.13800929783214,1.0462330990136555,0.8189886891980485
2020-03-06,0.9251560692052818,1.6616498361552619,0.032778732605073024,0.5593204952487477
2020-03-07,1.278348987452196,1.0198023919504373,1.358969093618351,0.2625949270809395
2020-03-08,0.9136029975454797,1.0660103683762063,-0.5364944595026743,0.8629348329052787
2020-03-09,0.9408366606931616,1.539991581984688,-0.5367968918884037,0.5934090540616409
2020-03-10,1.10588991208736,1.3664036086272735,-0.6689705156521273,0.6470958421811076
2020-03-11,1.427888017169084,1.096564604080858,0.45651063890046406,0.26196999658816583
2020-03-12,0.8261407991066577,1.109621906836641,0.7847413752688945,0.6874052947262475
2020-03-13,1.2830231219725492,1.171019894790221,1.0812083108489041,0.6322153359054365
2020-03-14,1.6260147158905935,0.7551343572780934,-1.3722183422114305,0.1372856616185867
2020-03-15,1.0318874524943917,0.6670337322508414,0.8884415925296482,0.5449786043953383
2020-03-16,1.055624766044702,1.2914376107020087,1.7536138168704138,0.23933293558672528
2020-03-17,0.8446842029869575,1.0561324103709853,-1.4528807685928904,0.4315962377643667
2020-03-18,0.9037068236119279,0.9594355493908093,0.8702119300093796,0.6449732076223006
2020-03-19,1.5198072191069596,1.0830593205965937,1.7962738129510571,0.518902123905645
2020-03-20,1.149648316131432,1.4766127553140986,0.336424318285933,0.3725431144592576
2020-03-21,1.5749842150272555,0.793705103970757,1.4122053024999521,0.012726085430984455
2020-03-22,1.0058619785064282,1.351582505435602,-0.11819208340964348,0.0574838914536279
2020-03-23,1.2663115981757456,1.0531192003119785,-1.763677286339833,0.8313424126169306
2020-03-24,1.6665394142131156,1.2740676259465578,-0.755471720038302,0.05673439544725035
2020-03-25,1.2418714873851169,0.9166069216371936,-0.4216462918630376,0.7868865306234016
2020-03-26,1.888859362178817,0.36254477325791784,0.3953416562590385,0.20784049778029995
2020-03-27,1.3487673061547052,0.7735416905029565,1.6868665066082236,0.3685149971144967
2020-03-28,1.2213029871546521,0.25255415977283246,1.186155897645081,0.20385282408840416
2020-03-29,1.0244741280454666,1.5212788774345998,0.6804511479664187,0.36840660098103195
2020-03-30,0.9720478216509741,0.7426902014191198,-0.4569281281788688,-0.0318152369148121
2020-03-31,1.253789151825945,0.8738629132345678,1.3333247991072499,-0.4101254479355356
2020-04-01,1.22960641309914,1.308868246578178,-0.21102111560052525,0.11332689072380488
2020-04-02,1.057849343611803,0.7366107841809654,0.9066960871229511,0.0974545261459142
2020-04-03,1.0974107398812198,1.1777725647356925,1.2856659009907734,-0.3314372782800034
2020-04-04,1.3861211204308324,0.3760991502480919,0.21610956836657846,0.08845542941374776
2020-04-05,1.2177636499211673,0.8577219699197697,-1.0392491398964292,-0.11524294400228463
2020-04-06,1.4908589736697322,0.44631649450409366,0.5503608610397427,-0.13234193339143574
2020-04-07,1.2320720877876359,0.6683148344393525,-0.9686447160950012,-0.1191703182136178
2020-04-08,1.498092248493181,1.006236394917654,0.7573527749325656,-0.5482942754776332
2020-04-09,1.6537679588241267,1.061313112849758,-0.33704023440239095,-0.22881956320796293
2020-04-10,1.351505799205803,1.03106585505333,-0.7854535270584786,-0.13912598792599876
2020-04-11,1.7386536064958347,0.6027024386699482,-0.5963449659811222,-0.015524908765255889
2020-04-12,1.309171805170716,1.6022742595481265,0.43222447598770725,0.03514374395113204
2020-04-13,1.2006895764278591,0.8736361389184677,-0.2954477031426052,-0.2022704244170469
2020-04-14,1.0237419332492392,1.6004153563302286,-0.5512689510869582,-0.36075892907858015
2020-04-15,1.4800638996621576,0.41755865466706843,0.009233355457161486,-0.15003275371982905
2020-04-16,0.8873137760339026,0.8748222445572739,2.0876062403942344,-0.4081219137760349
2020-04-17,0.8811383866429291,1.0171738151206557,-0.4905073948755165,-0.2394235749661517
2020-04-18,1.541411565651799,0.5735044463651138,-0.8289401630786416,-0.8587870356746665
2020-04-19,1.4704337243339254,0.07292884043003174,-0.17985964954427447,-0.8791861490885347
2020-04-20,1.829443095887184,0.5304401298660211,0.49681854580182405,-0.5865598038772426
2020-04-21,0.3928184022716634,0.7422740155193226,0.762807264692965,0.11238312901380225
2020-04-22,1.0107813167369941,0.3786367673845326,-1.869445136993465,-0.7134890808211111
2020-04-23,1.5087595881103741,0.9982758418376844,0.4293266441148473,-0.40360111829790024
2020-04-24,1.4621479654491123,0.9563015869391989,-1.9758297765416848,-0.7795401993964559
2020-04-25,0.9536545753977349,0.43424283736491637,-0.25402604398482026,-0.6033585076547957
2020-04-26,0.8435632242689186,0.3780231786567203,-0.1488112976102116,-1.0955146470838963
2020-04-27,1.1349374440053674,0.5983958864107728,1.3741221464719102,-0.3420761638557081
2020-04-28,0.5045178068900854,0.8618352443766304,1.6686904334313535,-0.7167494796425516
2020-04-29,1.7286602481402615,0.04903970030350191,0.37515227716099747,-0.7108475062912541
2020-04-30,1.0534145493750213,0.8035614625682094,-1.9186949908006314,-0.9330938652354548
2020-05-01,1.3795874250071996,0.5099930714736353,0.45115904643577737,-0.6515891384913908
2020-05-02,1.0808336009083734,0.18608110561755628,-0.9107663594749713,-0.4135520487965427
2020-05-03,1.285507584055677,-0.1502336917696605,-0.4763184932604395,-0.5745286559601939
2020-05-04,1.090572161870366,0.23694816827750778,-0.8863642725378211,-0.6234709781930807
2020-05-05,0.7309965696502004,0.06262268904075666,1.9677218525362234,-0.6010225310896798
2020-05-06,1.391214174338961,0.13979316501333044,0.6901881500546792,-0.6246707149333911
2020-05-07,1.209304949632188,0.14872422786898198,0.4068293869683455,-0.5475937124135197
2020-05-08,1.191172302731945,0.17152377067751412,-1.0231883634402787,-0.5293411760297322
2020-05-09,1.166788762916118,0.3417926121687524,1.9690172515583861,-0.583757225119557
2020-05-10,0.6569998401880544,-0.05845908551160314,-0.11545056300456924,-0.8679140320755621
2020-05-11,1.2406800467226407,0.16331927777256602,-1.1697489236741663,-0.6939600796969451
2020-05-12,0.6415372364745817,0.3928901222495928,0.26473500881942247,-0.8401477536437878
2020-05-13,0.6872133020911015,0.13349147597296074,1.404543951760754,-1.1822350867709768
2020-05-14,1.2899175469260824,0.024915931736142257,0.987451406620209,-0.5881766407133137
2020-05-15,0.5277230471006507,-0.04388121953066544,0.7844068741794297,-1.0892049303039886
2020-05-16,0.9085214792680602,-0.40516180077184144,-0.8490507649501523,-1.2675109544722818
2020-05-17,0.47779759723809695,-0.5110321731607804,-0.48399251308929,-0.6569017646125577
2020-05-18,1.108349918295311,0.004498539429004423,-1.6121995423022653,-0.9422505495295693
2020-05-19,1.1214097932936926,-0.253222982415653,1.345660129776698,-1.2103190743602366
2020-05-20,1.1125357396946867,0.264526741665762,-0.28115782351934054,-1.2577289267098073
2020-05-21,0.5631857074624161,-0.39422931965360947,-0.9977931565561449,-0.6988305331170952
2020-05-22,0.6058631690174853,-0.17476425832960962,-0.19031796754110963,-1.1561172768405286
2020-05-23,0.15585378601596878,0.2064994814168608,0.17543274933257866,-0.932569857880716
2020-05-24,0.5909344999907827,-0.34210584360880403,-1.150514315462101,-1.4888544647826394
2020-05-25,1.112460824074428,-0.5445235478992728,-0.4648759582659668,-1.0873435515617242
2020-05-26,0.878133637067107,0.009207840200244337,-0.7853423327497139,-1.544115614398569
2020-05-27,0.3576599658377584,-0.9603147084038957,-1.941410476187251,-1.6672085261480787
2020-05-28,0.49644329704924073,0.26335502362032304,-0.5414986212751642,-0.8132427651185734
2020-05-29,0.8312593263428506,-0.22352460618964962,-0.05143010163238241,-1.139637102063675
2020-05-30,0.4495131159464306,-0.5153226053531254,-0.23549399591890138,-0.1233301179315123
2020-05-31,0.05881532013844422,-0.20741315198379123,0.28843065562218995,-1.507478723287732
2020-06-01,0.7616105733451736,-0.18568080431068482,-1.1933606819531544,-1.0109485656636474
2020-06-02,0.007667145128016478,-0.7836026362143821,0.4457037868273618,-1.4028491204956959
2020-06-03,0.7152520600653091,-0.6802645169881665,0.3339696907932969,-1.243094232760283
2020-06-04,0.5235737106816117,-0.6997263820181137,-1.350144527471879,-1.1296860783023703
2020-06-05,0.5673860623501209,-0.5231901793240873,0.2592768119579683,-1.2475520658363237
2020-06-06,0.6096151133133717,-0.6570057715304716,-1.4173399248907077,-0.8731731033787561
2020-06-07,0.387533552887789,-0.6618518218032152,0.7732486587709022,-1.4038515619733964
2020-06-08,0.26260134995131085,-0.12256310023948667,-1.1809529167894197,-1.8153793982150688
2020-06-09,0.6277803486343538,-0.9053352080971317,0.7194192954743172,-0.8830143792387772
2020-06-10,0.36486334155540856,-0.3199326205262531,0.17365324026218443,-1.0797992270705459
2020-06-11,0.24564310793304558,-0.5968630688579519,0.11306565073895412,-1.3301762657543337
2020-06-12,0.3331346454662092,-0.12644633042560946,-0.08015743904418103,-1.5093044827043571
2020-06-13,0.7816777337284855,-0.38608086975338896,-1.0468500550883764,-1.5684291301469488
2020-06-14,-0.22072387484008202,-0.7403730209378172,0.03939255655882959,-1.3203748839006744
2020-06-15,0.19628206720073893,-0.29716337223372497,0.5009003527123805,-1.350096801945098
2020-06-16,0.2911401051280241,-0.433120424316152,-1.073484646102577,-1.0053052892149674
2020-06-17,0.21739873376949462,-0.6160383870536084,-0.728807697969422,-0.7921921192361108
2020-06-18,-0.1331274141557293,-0.9029810800576307,0.3684969450758648,-1.3500465658684777
2020-06-19,0.07080193648459066,-0.391950676186113,-0.6824365660077653,-1.2013849542993167
2020-06-20,0.12606191181763293,-0.6233056777783904,0.7604031854371182,-1.3724664413436491
2020-06-21,-0.1182265208326806,-0.3958846028270334,-0.25605112530317525,-1.1357052233307081
2020-06-22,-0.18900437515753865,-0.3221617720352538,-0.7371163073705713,-1.1761365838451041
2020-06-23,0.17971398238635067,-0.9074520247955772,0.2694609991300854,-1.3387179927432826
2020-06-24,0.3018474534530472,-0.668508000186199,1.657580973049308,-1.7859563458176198
2020-06-25,-0.22512374283105882,-0.28203070450610557,-0.7792312184903709,-1.0164895031686927
2020-06-26,0.12533365025592716,-0.8971050477134714,1.0474122054225783,-1.0607825506453614
2020-06-27,0.29498129901377873,-0.702701129590551,1.5247510836062903,-1.6338251470678884
2020-06-28,0.4797296534321775,-0.606956818304291,-1.027009124024111,-1.217433041812953
2020-06-29,-0.2054938167311749,-0.7416479836243376,1.0862098972859435,-1.6128955637364246
2020-06-30,-0.6633572851796805,-0.9606060607097399,-1.0849458654494681,-0.5603639757959659
2020-07-01,-0.4229974523386055,-1.06818762614923,1.0101665758210712,-1.1622656780171496
2020-07-02,-0.5074065045343579,-0.4987574687063148,1.5777736194784266,-1.1179453992417339
2020-07-03,-0.07452987809867476,-1.3287033856897676,-0.041009720021357256,-1.1458449082307882
2020-07-04,-0.3619295273908412,-1.1892213971587775,0.4609906583908701,-1.009190562267165
2020-07-05,-0.3077835018630678,-0.5834972304499687,0.502269770700546,-1.6651261960826789
2020-07-06,-0.0823379308980882,-0.5762239990445632,-0.934746209536964,-1.291486880791884
2020-07-07,-0.7049998878777682,-1.0475023023071683,-0.7980489768760044,-1.0780679798525208
2020-07-08,-0.45802801051945524,-1.1493269388883482,-0.475310353936199,-1.1747246651404357
2020-07-09,-0.2228295547976493,-0.9283891647608304,-1.2982313865725104,-1.1433192167203419
2020-07-10,-0.015581642723952013,-1.2313568074358683,-0.3144705302679789,-1.2473860096206302
2020-07-11,-0.32625036515666417,-1.0467460743309835,-0.578067308105238,-1.0666265961029162
2020-07-12,-0.09780925617688267,-1.19372432951996,-0.06264055476775542,-0.9783103761599162
2020-07-13,-0.3530465385967214,-1.1814746737255424,-1.750223719340407,-1.3179662820969855
2020-07-14,-0.28897966802084646,-1.0652305822145725,1.3448221408301204,-1.0526022432264313
2020-07-15,-0.5129974288319613,-0.49749761340640647,-1.2092355966300328,-1.2878847394086244
2020-07-16,-0.5952235413770739,-1.59661315136302,-1.3961024711103458,-1.5090104084763132
2020-07-17,-0.3210622651855735,-0.9678006987997422,-0.2715826316350148,-1.31084313721937
2020-07-18,-0.928094638643197,-1.4374602239005918,1.3146099873814485,-1.2969815240148588
2020-07-19,-0.12498051283018938,-0.4599489835665034,-0.6704618057514992,-0.9620656336770286
2020-07-20,-0.3892754293558258,-1.285154976104669,1.5306835302930497,-1.5684487776094034
2020-07-21,-0.4885778895281285,-0.8995547397562076,-1.0957912683348137,-1.2083266578608327
2020-07-22,-0.43851160583476034,-1.1615058582123554,-0.8481240081709599,-1.566110373273992
2020-07-23,-0.265786430751394,-1.5336011333183464,-1.1806384123501468,-1.1235102680660602
2020-07-24,-0.7076634315172365,-0.8260652607675613,0.06465367167022171,-0.6068286008898105
2020-07-25,-0.5766325190149136,-1.0435538631750443,0.5542279659166929,-1.8039487111739894
2020-07-26,-0.22248452648206138,-1.3833944835914442,-1.1272273413142444,-1.127311518911838
2020-07-27,-0.4999312315786864,-1.431726280196872,0.08012092134762745,-1.1567348277489518
2020-07-28,-0.765784594601244,-0.9875383988290819,-0.249350955137778,-0.6871973153253622
2020-07-29,-0.9648124705337948,-1.5327727071813007,-0.541382722321691,-1.175507091906667
2020-07-30,-0.8782084035742975,-0.7139195211505028,-0.14625179351379328,-1.4927316026523303
2020-07-31,-0.580500463044884,-0.8004282984861867,-1.5368273263310954,-1.3987987276767566
2020-08-01,-1.1717634179436516,-1.5572220676962316,0.12417176954825791,-0.6107404271918845
2020-08-02,-0.19216549548726578,-1.4858885182409538,-0.06197980727313169,-0.8515106802152259
2020-08-03,-1.0155470755168219,-1.3867899870559135,0.9749556452665417,-1.3498760210470226
2020-08-04,-0.3193561014221339,-0.7345605893202665,-1.71922825354454,-0.651994890678445
2020-08-05,-1.0177276143155605,-0.9137372861665198,-0.5476954220821869,-0.9928479254399472
2020-08-06,-0.6825509547714779,-1.514438099053613,-0.5390027089905604,-0.765003320289359
2020-08-07,-0.9530890526575653,-1.6050612395952426,-0.733373578430344,-1.0772101730363204
2020-08-08,-0.8361975898335517,-1.6091113889929116,-0.4664197526589296,-0.9014772535557458
2020-08-09,-0.880875711733886,-0.9849063445207569,-0.10625126484398494,-0.624521165938532
2020-08-10,-1.333163412114475,-1.1168549575138003,-0.09948059020100772,-1.0928621481041219
2020-08-11,-1.2617657939643347,-1.2982797014282923,1.783483273396937,-0.5494120308166095
2020-08-12,-1.0748226645189578,-1.819384790124295,-0.548009291045638,-0.6619826650756456
2020-08-13,-1.1741880881055677,-1.2871010404282055,0.7121913421525056,-0.9747481675600285
2020-08-14,-1.0672387360448952,-1.1319124858017935,-0.6414572675498121,-1.0519767219532477
2020-08-15,-1.3001109634918273,-1.7568750650677256,-0.6728604283601017,-0.8873666332374242
2020-08-16,-1.6382963845309169,-1.388405384520796,0.8589251631116683,-0.7426562773266915
2020-08-17,-1.0905785196449764,-0.8101902161947514,-0.12770074532462203,-0.8562399575122214
2020-08-18,-1.3936082563621344,-1.5788572767168474,0.12444619582497989,-1.2288053603428364
2020-08-19,-1.195922957307667,-0.743461153799868,-0.12254458907448569,-0.7611573406695124
2020-08-20,-1.1569103705988824,-1.2139911870186801,0.29481741097322994,-1.136247688570727
2020-08-21,-1.1345145856017578,-1.5824034978032941,0.2505371893925706,-0.8314434463818364
2020-08-22,-1.2476217079458443,-1.6037758737910004,-0.8895702488882055,-0.8831352570786323
2020-08-23,-2.090339881402719,-0.7214150144340007,0.3332888232708634,-0.8160230044017288
2020-08-24,-1.517570522229285,-1.5681842918926037,-0.2237327350428823,-0.7864325010617255
2020-08-25,-1.1272222753439571,-1.4959327642654026,-1.061664600576631,-0.7549016497572101
2020-08-26,-0.81683064179877,-2.026335116879626,0.084605016716161,-0.8577856944098897
2020-08-27,-1.3595255663116546,-0.9416866189452301,0.3629485856826027,-0.35840215214933085
2020-08-28,-1.203292040114489,-0.8376823286467676,1.786169587931792,-0.6451628834033779
2020-08-29,-1.2679612976304586,-1.916841578091729,0.1910175520942371,-0.33828499328608586
2020-08-30,-1.3040535664565904,-1.077686952386944,-1.397730109969441,-0.48471833885729787
2020-08-31,-1.3085288366684753,-1.0109017670998364,-1.276101582162298,0.17195833693144275
2020-09-01,-0.9621010337685146,-1.38058239530471,0.7813477126063536,-0.43679869490595447
2020-09-02,-1.3122400530099532,-1.202828547746072,0.18448427934936967,-0.5687872813296091
2020-09-03,-1.3665404175466425,-0.9730913830165342,-1.9445614648318084,-0.5277425960624078
2020-09-04,-1.5356097198565888,-1.4894741200781583,-0.9755756401695004,-1.0705227147582874
2020-09-05,-1.2657717893862985,-1.0571493470867626,1.1149023030060894,-0.6932418240856015
2020-09-06,-0.6646722621215162,-0.8591778804750407,0.4637930868903768,-0.45923387864074056
2020-09-07,-1.1954286384215125,-0.6667345850888674,-0.9896327713959877,-0.3512580746092165
2020-09-08,-1.2051650465844168,-0.5304408770187106,-0.07287897517281136,-0.10056695043163859
2020-09-09,-1.3314803851822392,-0.3474430018362089,1.3788810380557013,-0.19593770912012898
2020-09-10,-1.5887271461600108,-0.9442274308825473,1.4660720152960993,-0.07827704275196665
2020-09-11,-1.3755755323601786,-1.6564236671881611,-1.9710150494579926,0.15307396177622667
2020-09-12,-1.5908895883284648,-0.8089933968522843,0.42327631478575295,-0.49984853055123357
2020-09-13,-1.852174752081056,-1.3031660535433034,-1.1231882307643954,-0.053416605619070266
2020-09-14,-1.406541438046229,-0.929887289835936,0.5051548130701558,0.10647868246704642
2020-09-15,-2.121756481734217,-1.1362936070548346,-1.841419027365699,0.06780781747081643
2020-09-16,-1.1219718562394974,-0.86799335312295,0.37500957774385946,-0.3968652701744085
2020-09-17,-0.9389682664289599,-1.2294793391678724,-0.32663066915600897,-0.6413218939478195
2020-09-18,-1.1003181451707265,-1.2413095724352772,-0.706453900002302,-0.07094662474674805
2020-09-19,-0.8142906054545123,-1.0510706617077952,0.23473389728027944,0.25322163657986857
2020-09-20,-1.5769089403935352,-1.584350288355414,-0.2086967451589262,-0.03596029997997129
2020-09-21,-1.103067421123796,-1.065464878256878,-0.8790603280904763,-0.15436443938600108
2020-09-22,-1.2809203095073527,-0.9630563264570812,0.9449305200930076,-0.03016689821743068
2020-09-23,-2.0932616815052967,-1.1164125640703648,0.38327476063199845,0.35549674833398603
2020-09-24,-1.6164939455345497,-0.7898384799636758,-0.5842265083346898,-0.4030457181162079
2020-09-25,-1.1563266569089747,-1.0113728988037756,1.2558209784350451,-0.1661711270235104
2020-09-26,-1.455835522863735,-1.2505604515718447,-1.5853316277297007,-0.06653926033616953
2020-09-27,-1.7406952667199451,-0.5810489939246286,-0.5073199166619314,-0.5414100781701411
2020-09-28,-1.5324727420522664,-0.9859469689093627,-0.6242810524229883,0.25121343226494075
2020-09-29,-1.4173058178759905,-1.1693195857950298,0.3680940850179837,-0.030933213220001022
2020-09-30,-2.1808154919641374,-1.5429731268615783,-0.043872441185697726,0.1916355539517284
2020-10-01,-1.424781538331194,-0.9098459223163118,-1.6619947643708592,0.11204777562247412
2020-10-02,-1.2357752133905,-0.6128500097220145,-0.6404663166797179,0.09668251670587782
2020-10-03,-2.227869810433265,-0.517144144387526,0.7067976054728314,-0.04178026590054151
2020-10-04,-1.3871035897676147,-0.5820534482906542,-0.2754833171465825,0.33756839780910486
2020-10-05,-1.0280312549005806,-0.16281775270555465,0.28638564846898684,0.041391758169408606
2020-10-06,-1.635201017019346,-0.1479359635408403,-1.3866295750295154,0.014390385030061518
2020-10-07,-0.9402591697634473,-1.2560863921546952,0.0006419670618647567,0.4902294230620261
2020-10-08,-1.307704086850633,-1.2949270304547549,1.4290540717369586,0.13003575218319846
2020-10-09,-2.001915025700847,-0.3247103402712261,-0.19183649967388391,0.2988155124258926
2020-10-10,-1.18239104853556,-1.12653346579555,0.04563005866123064,0.1261242260678725
2020-10-11,-1.4651199285429122,-0.6602466398933451,1.454774323124239,0.4684133255318216
2020-10-12,-1.8346331957827944,-1.1848956587603854,1.011923718812717,0.4183002960220176
2020-10-13,-1.2081673912737396,-0.9613143669169952,0.6212751049986388,0.48947142089629564
2020-10-14,-1.608469953772784,-0.519870467177271,2.7851724480712976,0.5958340094858615
2020-10-15,-1.3950921476062843,-0.9114617470628685,-0.7456704850827909,0.8770125685765768
2020-10-16,-1.6398748376625303,-0.7947666361088856,1.6353870893540914,0.7823385733446674
2020-10-17,-1.2378917929359277,-0.2933120258548741,-1.6583579015367693,0.6099881737005278
2020-10-18,-1.5584041762361116,-0.977848624293023,-0.005275838831552429,0.288831711016492
2020-10-19,-1.512300801989118,-1.0125709728964007,0.4178215831554135,0.36653762643811794
2020-10-20,-1.1327692720415827,0.20875675521646328,-1.029582536112592,0.5594518550443134
2020-10-21,-0.9996027888494712,-1.1568473040049634,-0.6373909148127642,0.5926200997352125
2020-10-22,-1.5162414648040594,-0.37790447239037894,0.5253266093153572,0.25236900242129034
2020-10-23,-1.142399917304056,-0.5201697868254977,-0.5810551859048737,0.8711982522642222
2020-10-24,-1.2183037576383529,-0.15208066696809636,1.3853312127936173,0.6720792899006293
2020-10-25,-1.3934632844535657,-0.725911278317392,1.6514986731278798,0.5066640356455391
2020-10-26,-1.387891790641365,-0.23485660404284378,-1.8243674623187431,0.5369749214784536
2020-10-27,-1.1529272441734608,-0.39679514065131344,0.013503945708589742,0.8614250652361071
2020-10-28,-1.555030302589046,-0.9473720720744075,-0.35852036709217083,0.2568560933456245
2020-10-29,-1.2007094508803033,-0.02266733792989995,-0.2138454780589814,0.6166422240483814
2020-10-30,-1.3473394808062815,-0.46485551951337295,0.1914197735707575,0.9570435682664734
2020-10-31,-1.7279181140887647,0.13277339584918346,0.21581401174966292,0.9828356403211247
2020-11-01,-1.5034322365028894,-0.06606157621990014,0.32286681343474527,1.3217691811885244
2020-11-02,-0.9271582653787397,-0.10869945260215658,0.8001133309095763,0.7454295393810368
2020-11-03,-1.4206367916215779,-0.7709673557047149,-0.664809628963975,1.0277402100940618
2020-11-04,-1.2137200387519582,-0.048072580526830784,1.196353448016906,1.3848664066424847
2020-11-05,-1.014184072163126,0.1172789669105938,0.7509061816267252,0.8568391820865995
2020-11-06,-0.9851775736171309,-0.2717540236876999,-0.7858345230416828,0.9168425837776298
2020-11-07,-1.3515623196923843,-0.6880920201237554,-0.7975994672820598,0.7441083117643651
2020-11-08,-1.1118388806039323,0.08385325888254401,0.8033381257253851,0.9195051689003562
2020-11-09,-1.0089767120556254,0.4103425448903914,-0.9657425839687517,0.7796520459229596
2020-11-10,-0.7165835492472453,0.0013217503755765592,2.0547250283531406,0.9329707731924367
2020-11-11,-0.7591295601818797,-0.026091555719570624,-0.318904394902699,0.5526988086875734
2020-11-12,-0.6618911906881151,-0.04371196598631259,-0.21124664516834066,0.5755317275605437
2020-11-13,-1.1507478004570209,0.2784452438062221,0.8655740844730614,0.7107011071324165
2020-11-14,-0.6277941776492407,-0.29288565836952385,1.402553386108739,0.5768425539148768
2020-11-15,-1.1097295934684486,-0.37575832511197216,-1.9451075698085596,1.6911883718363645
2020-11-16,-1.209616440230867,0.5426966213882302,-1.7454452820557569,1.0871480753725593
2020-11-17,-0.9572765271597719,0.28211467984356764,-0.6962984446068957,1.1279431109637519
2020-11-18,-0.6168077830904144,0.15083094679905712,-0.015037032600246943,1.5566159321351862
2020-11-19,-0.9988396243597967,0.06413144802712518,0.9455305911014448,1.3155783389940352
2020-11-20,-0.8397470946927563,0.065062862071313,-0.49423150637615637,1.1136018518991575
2020-11-21,-0.8071764602254036,0.055188971574918894,0.10694700835238483,0.8944951150907535
2020-11-22,-0.9303482137176727,0.2422382549597378,0.7823455576348414,0.9540676252501653
2020-11-23,-0.8053807807031048,-0.5230774668175486,0.5242764028572817,1.1669937323605084
2020-11-24,-0.8758331967458366,0.5986895775813826,-1.132988721865634,1.5346022782367872
2020-11-25,-0.743820689888529,0.29312491589205425,1.6261922021081154,1.85439503839853
2020-11-26,-0.5653784619323065,0.25103942190584533,-0.05051619225965248,1.0693789112194019
2020-11-27,-0.9708353294991632,-0.11072250923451656,-1.867704142628774,0.6498170658255695
2020-11-28,-1.1712603224805642,0.43965213555386895,-0.22272181310999917,1.471765809257105
2020-11-29,-0.9637335811925665,0.011026984266932546,-0.024364167068465246,1.3198070530007227
2020-11-30,-0.3494188373997517,0.5576072665692491,-1.2722456668499291,1.6780183601685763
2020-12-01,-0.6027168363893163,0.6301359936265308,2.0195641306240883,1.3045364689081007
2020-12-02,-0.49071367032952407,0.10778837936321818,-1.5747109379249762,1.250997278410089
2020-12-03,-0.2312964981248389,0.10577885965490409,0.9416723748824074,1.3066452927619887
2020-12-04,-0.44134362466227156,0.2905555130503428,1.4973188355053375,1.2116229078277918
2020-12-05,-0.7711124950121011,0.41585356051977485,-0.8107551472875262,1.2165532714900145
2020-12-06,-0.7999113076850296,0.9527116812402595,0.1770875884976072,1.261312386253508
2020-12-07,-0.706170114594371,0.2934818953011237,-0.29058445875431976,1.5900034476681633
2020-12-08,-0.4579290466487547,0.7975124470606203,-0.5780943681199995,1.1367365649248993
2020-12-09,-0.5000116303101164,0.530116181329107,-1.9166546269004165,1.656358211248319
2020-12-10,-0.9607884253504619,0.9768358691437815,-0.28268997736797347,1.1856745508844218
2020-12-11,-0.626479631682425,0.4656958153065167,-1.2429525520616085,1.5644318992698476
2020-12-12,-0.5137585713994921,0.5593290832992328,1.6143963199737899,1.3952034817303043
2020-12-13,-0.7368634200265013,0.8690099023009549,2.739468501423556,1.5275930051966373
2020-12-14,-0.19538843090698027,0.4398884813556113,-0.6667311079179901,1.488973936896143
2020-12-15,-0.7491868394479022,0.1464218699227438,0.6597638536792988,1.0983669606834952
2020-12-16,-0.3123391420804012,0.22766508096507856,0.4392938376235453,1.222370988624745
2020-12-17,-0.7366967912417467,0.7511024715899712,-0.6120620956119261,1.3699600301651562
2020-12-18,-0.15679860370045065,0.551627401819375,0.32153673975418023,1.7824560174985746
2020-12-19,-0.4383256561144957,0.7668466290751165,-0.46852528114677305,1.72602808686269
2020-12-20,-0.23694924302481038,0.3968311899368101,0.33364720376054413,1.211066531486774
2020-12-21,-0.2573998653766271,0.19832019758835082,0.3868642369279175,1.5859816529548834
2020-12-22,-0.5313984266205296,0.3688028292168743,0.04361946594193267,1.2832763777763927
2020-12-23,-0.1187233610180434,0.35909135470197195,-0.02502126041097058,1.4451609094593343
2020-12-24,0.11179618464633745,0.7657098453876543,0.5622945303802781,1.305030459554894
2020-12-25,-0.19130837592195868,0.7279626153559297,-0.806244193646575,1.8208638934988255
2020-12-26,-0.22684039207923853,1.007007567664246,1.2206607242376564,1.2556950613407496
2020-12-27,0.009772310781409518,0.8551255908784736,0.8641410639785831,1.5647163425362336
2020-12-28,-0.039120358015522556,0.7000474886050273,1.237546170991037,1.3575216472767158
2020-12-29,-0.12822741211584482,1.3253707669403367,-0.24243485079925853,1.4586464260729457
2020-12-30,-0.3246562115872315,0.328447013267979,-0.3161365984704512,1.570526034361436
2020-12-31,-0.17368502844689448,1.0360802364461097,-0.17350844847324953,1.8188871960925685
2021-01-01,-0.23062146876832268,1.0986564284244256,0.1054551654495713,1.8862751138822162
2021-01-02,-0.08838472931089379,1.2569617527852106,0.6586558675232744,1.553834320841264
2021-01-03,-0.18109039310162978,1.6124809663247135,0.6473659130746273,1.5900365200607443
2021-01-04,0.5187659912920893,0.13190879688907386,1.1786294931755197,1.6153609616714004
2021-01-05,0.2124028400260398,1.109187726401749,-0.8296362705669208,1.2275517875842514
2021-01-06,0.4107871452777023,0.9760369823782747,0.18623200155717096,1.4009715938411158
2021-01-07,0.5275119298222342,0.9405537246099351,-0.940034611226248,1.2170350652095356
2021-01-08,-0.2518768977372767,0.9070331523149862,-0.35749162472237594,1.3895675881268053
2021-01-09,0.1691171194045992,0.678139927186429,-0.46867197971973357,1.333256164711162
2021-01-10,-0.25767291153136596,0.7637682319676966,1.2195256919997441,1.225072466880909
2021-01-11,0.11451457478582298,1.1216110609393155,-0.34005159366757165,1.2583752326176245
2021-01-12,0.09623671818347698,1.1013828209441598,-1.9786465357082852,1.5912265217878936
2021-01-13,0.004646787569662235,1.0906402464743667,0.11524907467972056,1.434800016412893
2021-01-14,0.5205970053045728,1.3853320493078807,1.283804327387874,1.5308952188532072
2021-01-15,0.008445021982185734,1.4070757250581676,-1.5696481326112037,1.7652306018499142
2021-01-16,0.7139304831239052,0.8237997813164268,-1.7603609376749445,1.3494112678281296
2021-01-17,-0.15037108996841256,1.1438419312532377,0.23381266933386663,1.061735402668528
2021-01-18,0.3793881443670024,1.18074792520968,-0.4193697222618712,1.9945925676929477
2021-01-19,0.502995079160549,0.7547331422575131,1.1140995230488462,1.7074433615992748
2021-01-20,0.4053278833787659,0.4997191152375904,0.41735311238578693,1.5742892275161446
2021-01-21,0.15611975470858327,0.7482259090224808,0.24845643588772343,1.358932040467067
2021-01-22,0.5779341855796905,0.7783007625179577,0.6462547281888927,1.3356039010485712
2021-01-23,0.7096444381088528,1.0239843862056166,0.4545197747587281,0.9065367757142502
2021-01-24,0.9232147597934335,1.0067664075180884,0.09121776852790568,1.2486121049672483
2021-01-25,0.20078736008109851,1.2072645007891107,-0.38161350817530787,1.1859003028869661
2021-01-26,0.4904074042279499,1.4383076521837648,-0.14993852181592565,1.5022250847638932
2021-01-27,0.1877009918747532,1.225221592345262,2.3798266505522827,1.5934193196211537
2021-01-28,0.7989807457841701,1.676462297237166,1.40525475790734,0.922485408565221
2021-01-29,0.5866322519327787,1.1552400000856666,-1.8459683209826137,1.6353131323690242
2021-01-30,0.5379471223321723,1.501141391047883,1.921333930964636,0.9929753448988464
2021-01-31,0.8786007523264711,0.9237485642738984,-0.5333812400479352,1.143026906421977
2021-02-01,0.5283653684215783,1.7136594406494146,-0.22123636253331297,1.2772845182397976
2021-02-02,0.06263196154029689,1.4178808617737453,-0.9533393047500486,1.3314869224713226
2021-02-03,-0.07790259691646509,0.9917399299182028,-0.9927886922355024,1.2063712373247626
2021-02-04,0.7328622166917785,0.8403526078019109,2.290725178165035,1.8743297999091506
2021-02-05,0.8751331843496658,1.950668740534394,-0.41407575152029436,0.6885187131877927
2021-02-06,0.8952653251641057,1.674473736075225,0.12545284719339195,1.735383705688442
2021-02-07,0.7956832062262573,1.4952787650622235,-1.9146576275472926,0.8743522200157116
2021-02-08,0.9127926137072794,1.5697941166942024,0.8889870433812918,0.933659446794859
2021-02-09,0.8843687326976477,1.4298821092020897,-0.30957682573642636,1.4899209286944188
2021-02-10,0.9507397261741664,1.8883028718720962,-0.07118955198304815,1.4724708102471182
2021-02-11,0.43167659063985214,0.8623576204879607,-0.7181266715796701,0.9367416203048385
2021-02-12,0.6301305696979072,1.1433407269698261,-0.5123732489551909,1.125534017493267
2021-02-13,1.2121427371783429,1.3742976462272727,-1.0348867925685803,1.3106969035363154
2021-02-14,0.6660737389978701,1.213279295032684,1.2704350284629626,1.4155680061075075
2021-02-15,1.4628234155757676,0.8049247503684444,-0.48444716429811124,1.2852414036664757
2021-02-16,0.7252328594010093,1.7325559654869627,0.3050677960622743,0.515856330694107
2021-02-17,0.8360517994786876,1.3285816186252477,0.9076369414679676,1.0943659608576735
2021-02-18,1.4212685884248315,0.7699518209729821,-0.6390989581917911,0.962435247440043
2021-02-19,0.7789346742197513,0.653293136590197,0.09200250659204053,1.1913134402209986
2021-02-20,0.666886950374076,1.7424897188451431,-0.11678612140937486,0.950281207890308
2021-02-21,1.059143115048242,1.8863762964285584,0.7186745150627651,1.0426219136617854
2021-02-22,0.8175475825274617,1.435341080659677,-1.7178463492473222,0.9100253922887576
2021-02-23,1.3271648233237916,1.6481086380110506,-1.252066731569562,1.0830182119187564
2021-02-24,0.33622741067389444,1.2118353526559424,-0.7542340003255885,0.8283722356178058
2021-02-25,0.8829103617401602,1.761023493867093,-1.9534615571547627,0.9525128828021087
2021-02-26,1.3690297933635192,1.3153451014106958,1.9753406481485418,1.0067530017885409
2021-02-27,1.2308916253523738,1.4939557265035028,0.1340583128196882,0.9854357050495699
2021-02-28,1.2728881500756306,1.8622816699050746,-1.011473274384307,0.7320873832936988
2021-03-01,1.0011850237039581,1.3722922527361507,0.1695554927367372,0.8034317240946893
2021-03-02,0.8293755238988152,0.9931521054540818,-1.3210945133734027,0.67672171630111
2021-03-03,1.3273399616671337,1.7686449273489324,-0.7374111049746914,0.8037761716779115
2021-03-04,0.9687415163647863,1.876817509592742,-0.7119638948798866,0.4435328032601901
2021-03-05,1.2774701258402663,1.488673675112929,-0.584869240642072,0.8605354631592581
2021-03-06,0.9085497922466378,1.6279986119999172,-0.15364125519945018,0.25493906072000605
2021-03-07,1.8125746930760707,0.8707958754305417,-0.8031383053400633,0.6375949975264965
2021-03-08,1.0620296980573014,1.0118766949460327,-0.005812340153474276,0.3733895356441814
2021-03-09,1.5444655984708673,0.7198728586755276,-2.013503094858994,0.7013910919042721
2021-03-10,0.6968868473033616,1.0846789320988313,-0.10363197153624394,0.9555945611335979
2021-03-11,1.5507184735022177,1.961081842870871,0.5929737118144678,0.505924672316057
2021-03-12,0.9402055151274206,1.2334339357201682,2.054440405626261,0.8484473959610722
2021-03-13,1.1454859437369387,1.522957287526282,-0.4556692312906341,0.43985854842170247
2021-03-14,1.4103368476361176,1.3522977746040479,0.34426019629393423,0.09419458091283534
2021-03-15,1.091984034789581,1.3304867557391704,-0.12552932077467022,0.5293723571777412
2021-03-16,1.038996304497007,1.1478717759657926,0.7753864398685881,0.3838999343765794
2021-03-17,1.1951280739022567,1.9613143642179616,-0.7666608288501154,0.547498307394651
2021-03-18,1.3152590784392248,1.5062125478572708,0.29168509643924767,0.5644792813534943
2021-03-19,2.011438253928338,1.0573355740686177,0.124191882434398,0.2556406869166189
2021-03-20,1.673075155731259,1.1502896934443267,-0.6385543097632681,0.4309066273294782
2021-03-21,1.5475256989878143,0.9108032099309049,0.9755921537735016,0.03412405765683403
2021-03-22,1.164263441698466,0.8909492183644055,0.1080495903012343,0.5777501695927254
2021-03-23,0.7044637092904962,0.24152398194033678,-1.0495607663142361,0.2608361282025369
2021-03-24,1.381959696979117,0.7131155117258364,-1.8129801225441753,0.1437778682522301
2021-03-25,1.4701014174841693,1.2749522396554724,1.03481886920162,0.4211279956012846
2021-03-26,1.1386563436256838,0.7837329381657125,-0.5502141231256836,0.8648979932332778
2021-03-27,0.7533502652727967,1.3168165529070517,1.5385479170734246,0.3773841007902688
2021-03-28,1.2178193955478736,1.0566855007552527,0.8463125168878303,0.5561990923306592
2021-03-29,1.3168720285346431,1.0514136790011548,-0.8220072481151428,0.31456801790982925
2021-03-30,1.2083936277531444,0.8752975388510142,1.0709151061575668,0.39994632487470577
2021-03-31,1.4781987534775654,1.4367814588843455,1.7715241532291326,0.4338047680751674
2021-04-01,0.9409933787475313,0.6386358423084904,-1.3311883960359796,-0.4210933106350899
2021-04-02,1.736843387641381,1.2473829373697343,-0.7064452828094202,-0.27039273612826253
2021-04-03,1.4562247898563023,1.024213217623222,-0.008737715181689707,0.04662910941984483
2021-04-04,1.3343632284444378,0.9722950826222877,0.7072180684501151,0.27527635547369494
2021-04-05,1.4647574664614726,0.41862860708115684,0.5819373587411242,-0.24404791269094733
2021-04-06,1.2258874154162764,0.7596497393125807,0.049350251395708436,0.2297284247230063
2021-04-07,1.2662502821961468,0.3130765265507312,0.25431886168164014,-0.02632164493016514
2021-04-08,1.5691412116829309,0.2577214713455807,0.3585995423802648,0.21361875973479533
2021-04-09,1.2923486183110504,0.590970586161778,1.0383525008047951,-0.11615119989824654
2021-04-10,1.6707986201610125,0.7846131054628068,1.0814222300683594,0.06411968667108213
2021-04-11,1.5943483257552866,0.3633333051450789,-0.23807391723225127,-0.12845451262451926
2021-04-12,0.8373838785431215,1.015918394691903,0.9355497527233837,-0.2595753114610851
2021-04-13,1.540444292874058,0.647687966546257,-0.8896108422198343,0.09425061750845391
2021-04-14,1.6948677695142034,1.0601968005664004,-1.7284133107623638,-0.4440448116966841
2021-04-15,0.9755257977262234,0.9731988564216957,0.13712549997453205,-0.2785331484183716
2021-04-16,1.73879979372172,0.8298976982699354,0.25809697877310295,0.02125913855417624
2021-04-17,1.8703457912827808,0.4129608320245871,0.6107828508907582,-0.7474116167997708
2021-04-18,1.35964967175923,0.7744092157029654,-1.307985678088604,-0.0876165656248526
2021-04-19,0.8475833426004252,0.35797334113881735,-1.2779464502848725,-0.6691203153823234
2021-04-20,1.2584412466178103,0.27457749203238,1.425062130072176,-0.604010114698034
2021-04-21,0.8729839431969211,0.6952556333278019,0.10510662414657872,0.15943677038893492
2021-04-22,1.105105395919148,0.8504118911735334,1.2720281898737622,-0.40421184505326535
2021-04-23,1.029051745153619,0.5350821837487841,0.061338206186856085,-0.7971617154977682
2021-04-24,0.8940989374178332,0.5802868405081152,1.4204565349181373,-0.3249311927768047
2021-04-25,1.0948621666067562,0.7788303884088728,-0.2712146503537375,-0.4880053923329318
2021-04-26,1.6371567636225828,-0.15575220984907576,0.7409793153944819,-0.9041864619035868
2021-04-27,1.273782761024372,0.5137547828570472,0.017113157860160114,-0.5443419861498865
2021-04-28,1.1200029702918908,0.20779224812430083,-0.19538054886142492,-0.8195255968784237
2021-04-29,1.5170077628283885,0.1736433885629077,-0.1164221658772283,-0.41398141114090553
2021-04-30,1.145908644818877,0.24691309239863837,0.8400111019479238,-0.2735174187143079
2021-05-01,1.808181335828209,-0.24473496481341542,-1.129402861604996,-1.0365521394247998
2021-05-02,1.227777315182873,0.4646985662126325,-0.951050812512779,-0.5264391274756544
2021-05-03,1.334069145973635,0.10439231320569292,-0.9707181368725476,-1.0454459454915388
2021-05-04,1.245212139361612,0.2794200658783405,0.2746435435298976,-0.741122412959905
2021-05-05,0.9270152840214463,0.15999696900858737,0.12495831474865468,-0.6876252210285848
2021-05-06,1.0737682174149268,0.22124872254277783,-0.6595049911034655,-0.5776293681257729
2021-05-07,1.3785631973432062,0.27658325088625707,0.2777791934199457,-0.35915188848540774
2021-05-08,0.8453412910339152,-0.011775940141187555,-1.8463085549647262,-1.0558294827489139
2021-05-09,0.9561750469725737,0.23845061121921254,-1.0642566889266105,-0.876762049252801
2021-05-10,0.9026379553212396,0.22463061426561884,-0.35960452168709156,-0.40415850162280265
2021-05-11,0.7715305205787155,-0.12800392556409051,1.0032611304328816,-0.5963645863937662
2021-05-12,0.4674036006768496,-0.40218850854572474,1.827241537736117,-0.6980511047551262
2021-05-13,0.8071973406805792,0.36297741341758394,0.04584477252528027,-0.4893926570969106
2021-05-14,1.4568160925850782,-0.057368697086041885,1.5855100008588785,-0.9791064311668372
2021-05-15,0.9546339658632599,0.06693047185389084,-1.661425695193471,-1.2092574443726993
2021-05-16,1.197636439423238,0.004728300281723608,-1.0361523821125642,-1.189486853349966
2021-05-17,0.7161474533302616,0.08689022682356531,0.7636274452824364,-1.2577133377592782
2021-05-18,1.1084528705263668,-0.3104731310607627,1.9722218268100817,-1.1484792359223566
2021-05-19,1.0374869385289116,0.16452525894016187,0.3664712171555262,-1.0824802194314005
2021-05-20,0.8506612161043886,0.05818741041078233,-0.9124103658997751,-1.1210237795177493
2021-05-21,0.7911401953964192,-0.07753031141245059,0.07391584303139416,-0.8406747631492709
2021-05-22,1.1279776722293908,-0.22759761580689092,0.8051893509336615,-0.912064581808253
2021-05-23,0.7375828597596729,0.67776757259117,2.118336468732212,-1.0835876205057704
2021-05-24,1.2750346986230856,-0.07315646608387985,1.6505578207929414,-1.0326879867400265
2021-05-25,0.9924104191425762,0.3386879090910762,1.03952115670555,-0.7619174931173687
2021-05-26,1.1358246348665946,0.026535566840428113,0.2419925951721517,-1.6660583081713551
2021-05-27,1.0509106114381113,-0.7444895414386031,0.9185154315136486,-1.4631740831665607
2021-05-28,1.0242565892886224,-0.05452842275435318,0.012112288234968028,-1.2607367718706184
2021-05-29,0.6003772709509945,-0.023880710248146517,-0.5429472779946827,-1.4328829824671783
2021-05-30,0.7101591737729963,-0.7430734059868767,0.29924859661098124,-0.9437646289122777
2021-05-31,0.680126391750738,-0.34723623835843936,-1.8437069740406786,-1.29035056460298
2021-06-01,0.7797221598723754,0.01980428390646022,1.029360500632655,-1.0351658945929147
2021-06-02,0.6852541175179762,-0.5338609585115441,-1.3675633765932813,-1.5854603153701115
2021-06-03,0.6592071348228381,-0.4884067927590447,-0.8282001660432479,-1.6689575626111455
2021-06-04,0.7242279255023866,-0.1286069692671737,1.193284651912973,-1.130786536262471
2021-06-05,0.8284684575967773,-0.0357572267609039,0.13985054645309905,-0.5108670873287987
2021-06-06,0.7080953323753025,0.07237027436585565,-0.764524431100809,-0.9028553868565156
2021-06-07,0.8782735048933852,-0.7580727032597604,1.3751078592483454,-1.380651063197758
2021-06-08,0.581337531307458,-1.185256836683405,-0.6971593344870213,-0.9732744503849948
2021-06-09,0.836109512763114,-1.1544880202223038,0.7105891756760856,-1.0998684360166642
2021-06-10,0.553709353656516,-0.8363576926271048,-1.3044881891310838,-1.089637757934465
2021-06-11,0.6674921788441315,-0.06069957254557495,0.2007829556117769,-1.5682217819907698
2021-06-12,-0.07557123468128846,-0.24096134730572752,0.6275787367785208,-1.232323966028015
2021-06-13,0.029281475012530284,-0.6369210889740542,-0.42637899490021564,-1.4419999698295274
2021-06-14,0.2284985582929982,-0.7936815074133888,0.2355459794900592,-1.186076491415181
2021-06-15,0.09032695275775503,-0.8902357264648257,-0.598088038285376,-1.5743913786193413
2021-06-16,0.04013000458558305,-0.7711312168622076,0.5696923160196197,-1.0275474501742874
2021-06-17,0.4561712199025216,-0.8489478272489508,0.5601871490888862,-1.8757433561899435
2021-06-18,0.08550980387049206,-0.7787552716725281,0.7893055421708721,-1.3226887897875077
2021-06-19,0.14264472487151225,-0.9277077055286833,-1.2453385185705768,-1.3817195952577843
2021-06-20,-0.20902973388312912,-1.3843049607986229,-0.13204705314522086,-1.3696687858389145
2021-06-21,0.09180837536776909,-1.235431854062657,0.14754946908760835,-0.9526636879977122
2021-06-22,-0.11595024271898255,-0.8582827000374499,0.0605823140965044,-1.1899315372933414
2021-06-23,0.42884650818569886,-1.1454298460865853,-1.8302061789924435,-1.1981665042738385
2021-06-24,0.05718614051000255,-1.1824159564134573,0.3628399307205395,-1.5357429392638202
2021-06-25,0.07134574022805155,-0.6714849325414107,0.7365413802624704,-0.9493831782246263
2021-06-26,-0.09926363516563527,-0.2935466986256071,0.2914720972743353,-1.4115038035018028
2021-06-27,-0.06048902037198637,-0.8216886747266918,-0.9579975138706731,-1.6610837515761987
2021-06-28,0.18196181092254296,-0.8646234753559889,-0.7525846306585441,-1.180289031480562
2021-06-29,-0.43177079886194875,-0.7785814766830381,-0.5478138532227339,-0.9900243248346742
2021-06-30,-0.3113453976840743,-0.8475909415020902,-0.12594237146808468,-0.992144711342192
2021-07-01,-0.4090345595475212,-1.171085713304537,-0.8474914195930041,-1.63777217686006
2021-07-02,0.04407222571018836,-1.0456569245103253,-0.9199627259570919,-1.0257379960336437
2021-07-03,0.5203683211605403,-0.8938850153878813,-1.9767498680010362,-1.3102868971379034
2021-07-04,-0.07780394546511094,-1.3984348007762928,0.6853096543888862,-1.522570493492862
2021-07-05,-0.24309525968566437,-1.0068779124985654,1.0156843008168268,-0.9609079681101178
2021-07-06,-0.3796972161315244,-0.8229194764536649,-0.6465625398675862,-1.4365044589877471
2021-07-07,-0.010694920185701071,-1.2889385359954542,-0.18492276032072816,-1.6247504197524794
2021-07-08,-0.4921510015014899,-0.7778056765324628,-0.1256295422935998,-1.3395561886431386
2021-07-09,-0.3321995633093023,-1.0385036485941874,0.4163166157879441,-0.9815188352962194
2021-07-10,-0.39595970800625113,-1.1304638203270863,0.19431587186144658,-0.6092014891482692
2021-07-11,-0.4123542801337603,-1.307942546020632,-0.7466167088344854,-0.9464060871692676
2021-07-12,-0.39872193577244275,-1.0511246541410577,1.341180668299654,-1.3098566357808306
2021-07-13,-0.628716226480924,-0.8095904273324568,1.0786576223365374,-1.7416960520905054
2021-07-14,-0.37368460544790266,-0.8472089579781646,-2.0210131559386713,-0.9086187041624666
2021-07-15,-0.20777535772302072,-0.9530397567682617,2.658540980404385,-1.036806097644852
2021-07-16,-0.45571254014573864,-1.4521874351318227,-0.1907947248008057,-1.6161878783950152
2021-07-17,-0.2609590100217254,-1.1982350894172726,-0.05349069287411757,-0.8694700795441206
2021-07-18,-0.5970668693775597,-1.1335703752112865,0.7252253829025425,-1.2073535310346881
2021-07-19,-0.611747928384694,-1.9668414958862002,-0.6760831052203722,-1.4143844503719059
2021-07-20,-0.8525781442888932,-1.232385323343612,0.0441084720471129,-1.5997962133658923
2021-07-21,-0.3547558033802129,-1.1045261850310035,0.7956051584270426,-1.330695626744789
2021-07-22,-0.4246534728881306,-1.4354130889589478,-0.5936112154228778,-1.2066308237311154
2021-07-23,-0.23421168758903302,-1.202939770098821,0.23695649686425108,-1.2450260844264744
2021-07-24,-0.7731312299522296,-0.8415282120462154,-1.6139245164455138,-1.2141380161050892
2021-07-25,-1.073604185717972,-1.241286171094506,-0.5349630924760208,-1.3799062310404229
2021-07-26,-0.6454586702124664,-1.2814063093985513,0.8527598973479645,-1.3372012002295455
2021-07-27,-0.91197948954202,-1.0946730543963072,-0.5622777544721272,-1.2959323445943076
2021-07-28,-0.8927804156178258,-1.220144072440455,-1.316453122699799,-1.6177401796778148
2021-07-29,-0.8281434287662085,-1.2912618754709229,0.2058264761607256,-1.1403994532612178
2021-07-30,-0.5765986386862036,-1.4068366632030291,-1.9634790283620074,-1.590835281095913
2021-07-31,-0.7618103305342513,-1.5196163319360922,0.15494915081482225,-1.4122271804806508
2021-08-01,-0.7599684018299933,-1.8693670543646868,-1.380489379639047,-1.15551483608611
2021-08-02,-0.04298931096062336,-0.703159893915797,-0.2561192976078169,-1.4912285113146533
2021-08-03,-0.39976638180387647,-1.1809180195305253,-0.5945783630547812,-1.2609649201010749
2021-08-04,-1.1228101843713965,-0.8602761478568617,-1.603328290870169,-0.6472165143589027
2021-08-05,-0.6050464516681203,-1.2953045500441855,0.41868880428351585,-1.0563189790954726
2021-08-06,-1.0861803945678838,-1.0542921812765589,-1.1013269098904737,-1.139047194796445
2021-08-07,-0.6781920551227794,-1.2627688314468781,-0.6364850454627433,-0.7404675063968265
2021-08-08,-0.8244916769296755,-0.9295435579840672,0.39128642908290356,-0.7930653950313028
2021-08-09,-0.7392258947856704,-1.3273759847548319,-0.8825363481421623,-0.7485651262252209
2021-08-10,-1.0725494372854925,-1.6751941485935928,-0.7144326560098652,-1.5443561383958484
2021-08-11,-1.0131062918669658,-1.4872482926138677,0.7358851682671224,-1.1654686030023822
2021-08-12,-1.0564523782972453,-1.6300606130903135,-0.6220497528347655,-1.038670017488657
2021-08-13,-1.60483463184291,-1.0000758706278285,0.7664629605697937,-0.9961253074179557
2021-08-14,-1.0681867421409723,-1.1419580092254469,-1.5991353934155614,-1.3622530193560525
2021-08-15,-1.2082294544526233,-1.0591917993782047,-0.6807063792642619,-0.6339675454200411
2021-08-16,-1.3306498206923212,-0.7647208464243894,2.720239756136534,-0.706885779559831
2021-08-17,-0.8477876743967316,-1.092586495037961,-1.7037174065614211,-1.2096174413898764
2021-08-18,-1.4182563931995473,-1.5890515703082522,1.2080239255176681,-0.9046016921454505
2021-08-19,-0.41037627271349586,-1.0626738238565976,-1.9966800596467276,-0.6314295251085675
2021-08-20,-1.2239524103273334,-1.250763668653438,0.6139966656993018,-0.8433230302105947
2021-08-21,-1.5059776272412373,-1.4869725555269848,-0.794680381741792,-1.0580479761197832
2021-08-22,-1.3055937217747575,-1.2920083890915144,0.5196435959094365,-0.8817949053763507
2021-08-23,-1.0625174549903005,-0.9265197645832395,1.6644107898615743,-0.8942194436453668
2021-08-24,-1.6583028365217038,-1.0088288086576205,-0.16575691769927728,-0.7542155753833852
2021-08-25,-1.1918292884097061,-0.9003154046018425,0.5772710329375733,-1.0898775302069954
2021-08-26,-1.0817443736197976,-1.6592074043509029,1.0489451156572696,-0.7519507433121739
2021-08-27,-0.9915405358041955,-1.3939125076523362,-0.20753570146167832,-0.2755412699848787
2021-08-28,-1.1365675650245823,-1.544850708329711,1.9871708659623915,-0.43426383988410255
2021-08-29,-1.1253492447778883,-1.4821528995946605,0.5515080794198393,-0.6056537757751695
2021-08-30,-1.2217003854851172,-1.0567708913610625,0.7960365904714873,-0.983533096001208
2021-08-31,-0.8049445408006408,-0.8536126759479316,-0.6747659481547493,-0.9819047879762354
2021-09-01,-1.388918310568141,-1.5497801082614489,0.2965001518776168,-0.8431711819096226
2021-09-02,-1.2033595878525762,-0.7040681602942102,-1.005880921362304,-0.6082449843174191
2021-09-03,-0.9167713333209947,-1.3269405032143544,1.33794994696867,-0.5957489783841129
2021-09-04,-1.0209660767222075,-1.2124237635608794,0.9318443535323785,-0.2178897367697642
2021-09-05,-1.3213349404932433,-1.189962276017677,0.23248239913117072,-0.7083614235998269
2021-09-06,-1.6527499544439586,-1.2179563391028354,0.30676193151579123,-0.120225645818363
2021-09-07,-2.1538309190882132,-1.3709412851763345,0.4310610569032213,-0.38744400275415253
2021-09-08,-1.2020979030793417,-1.4047495106225654,0.8477296465765197,-0.6651526733065514
2021-09-09,-1.5678690230442989,-1.1592256571636155,2.301255645130104,-0.4065639802644229
2021-09-10,-1.100456569601513,-0.3185293249407921,0.01172873957479108,-0.800989119634157
2021-09-11,-1.3033183677414295,-1.2324516447666363,-0.8976902670627103,-0.285480944511207
2021-09-12,-1.3261611397532393,-1.3782849802028234,-0.06742313589843783,-0.37359308866254975
2021-09-13,-0.9763037805329171,-0.8158965325326917,1.1195869879530458,-0.13624839428530347
2021-09-14,-2.0008855680134956,-1.0807876866202766,-1.4786251131787378,-0.21358097838916718
2021-09-15,-1.5185172719033977,-1.2422363668192054,1.4909324720279766,-0.274751994407183
2021-09-16,-1.2449067147687802,-1.0530709435382646,-0.17699747684447134,0.0568310348891463
2021-09-17,-1.116699229116951,-1.2394896942983418,-1.2488692396244574,-0.0613842555109016
2021-09-18,-1.4404277933330925,-1.3713394741398408,1.7175971488777735,0.2819112927030909
2021-09-19,-1.4323184662603254,-0.7032507214634641,0.03259200878311143,-0.11608535179426548
2021-09-20,-1.1789035202502556,-1.2342480425859632,0.24460183884647912,-0.0030060973610581765
2021-09-21,-2.033951299030501,-0.5811921332322535,1.630952680958132,0.05607108509025805
2021-09-22,-0.8103297120040586,-0.6780749996022105,-0.09337900325351049,0.4852111584244778
2021-09-23,-1.6680582400638413,-1.8568176939688352,-1.2923689064107533,-0.13581513410666107
2021-09-24,-1.4532123477733303,-1.217700703851651,-1.2558314223784022,0.041567280426133724
2021-09-25,-1.4306460467068542,-1.7593279997319198,1.0300968382298894,-0.13926620683053606
2021-09-26,-1.4566191499737176,-0.8870679912195091,2.0033730620111228,0.6908919899077482
2021-09-27,-1.3708930028973703,-1.0557076819515352,-0.23046899735885926,-0.25276812684981287
2021-09-28,-1.3702711943244636,-1.4366368353156798,0.31319818785052334,0.2935625817366099
2021-09-29,-1.4228700171337776,-0.5136480571862845,0.4751470129683342,0.017347137828845068
2021-09-30,-1.5750406946584772,-0.9807329194000162,0.5145028374746186,0.22998986937237995
2021-10-01,-1.7642709408807324,-1.1890601632782956,1.2052193831051736,0.22553237928592912
2021-10-02,-1.2486144194947635,-0.7618563161516863,0.3627356640612443,-0.1989953116173733
2021-10-03,-1.360504894814933,-0.6375610953490941,-1.0701047041065546,0.06082376635261306
2021-10-04,-1.7349612260142453,-1.219747054312722,0.5652189213157051,0.33392645382886466
2021-10-05,-1.4173153875987656,-1.0953109102181589,1.2360531590642485,0.18307819298715802
2021-10-06,-1.8581926711037813,-1.444559773135641,1.9131970963885383,0.033655101892432565
2021-10-07,-1.207929754930955,-0.5641788248466557,0.907525310116715,0.09090655522337202
2021-10-08,-1.6138817083311303,-0.52272234713191,0.60995906437684,0.24113879974589808
2021-10-09,-0.9714645132008102,-0.867017611436867,1.2775491722965304,0.060493833869384124
2021-10-10,-1.7138703132360897,-0.5911493266607928,0.9788871718984121,-0.10302464230967281
2021-10-11,-1.3933803706518957,-0.9252025966634075,-1.4582380843323375,0.7921536908718692
2021-10-12,-1.3166153670773986,-0.9709377654975252,-0.07896559734604554,0.21886431000478793
2021-10-13,-1.0532853678423713,-0.8604803967298875,1.045913199545569,0.34235983516894125
2021-10-14,-1.8598378533516255,-0.9273507493456407,0.0854080438588017,0.4136265597703956
2021-10-15,-1.226606004498301,-0.40195484734089704,0.47300800521142133,0.44714121321822164
2021-10-16,-1.7672361382576478,-0.41278610071141286,0.7848837474567139,0.5203562145239435
2021-10-17,-1.4195795208342783,-0.6449962494386734,0.2454479626576822,0.5176585602017448
2021-10-18,-1.6571111741422824,-0.849216050795539,1.0601929536473491,0.6004504632840756
2021-10-19,-1.4886337654167907,-0.5656956024683896,-0.7182480304559454,0.22137208598374483
2021-10-20,-1.2353727598080255,-0.4928481966998104,0.024189423354839642,0.5263823270778527
2021-10-21,-1.4586852522142166,-0.8256492295415794,0.5582682307519942,0.9326797446827486
2021-10-22,-1.2816597462909058,-0.3463977410283048,0.5422809078848267,0.38928655940729495
2021-10-23,-1.252598204328149,-0.5182665517376559,-0.250394723440439,0.6658739284359206
2021-10-24,-1.1203516633616284,-0.887695884085407,-0.3918474826671313,0.8495407932676317
2021-10-25,-1.3383133892788388,-0.47228020107507707,-0.17357361635522497,0.8436918900248304
2021-10-26,-0.9870136539172228,-0.30244919876554077,-0.5248607101630276,0.5018058110241868
2021-10-27,-0.8987826765440623,-0.6180461204276837,0.9927749015487293,0.7128069235213363
2021-10-28,-1.4592880594827813,-0.6792630814558528,-1.4984281546760319,0.8274114381775531
2021-10-29,-1.459414973768444,-0.4351972468918361,-0.7114338254655984,0.4204790890903861
2021-10-30,-0.8995618169594174,-0.6757922182440026,-1.5692553156207154,0.7708096949395116
2021-10-31,-1.234405844365569,-0.21462242206714477,-0.7308094323989369,0.6230161453048647
2021-11-01,-0.985010718362679,-0.1299852923994114,-0.20898514386272937,0.6851531389660339
2021-11-02,-1.021808375707003,-1.133145114930542,0.2331018876963531,0.8583843264055218
2021-11-03,-1.2597057812682195,-0.7355478828971619,0.2744851953598247,0.969095872627172
2021-11-04,-1.2574213495853046,-0.5091336515390609,-0.20390336805880924,0.9860644801510783
2021-11-05,-1.1947927679037071,0.494375455512446,-0.16430673044813002,0.7941749255770676
2021-11-06,-0.9925350844102544,-0.14374418181072324,0.010360368045824407,1.1332860653287002
2021-11-07,-0.9721206546767067,-0.06969379938080304,-0.034997558320986964,1.2690539877993128
2021-11-08,-1.1116685567564635,-0.08221940342751674,1.7810496272073133,0.9645216887505312
2021-11-09,-0.9336428382444447,-0.16569462565737733,0.14094429255560867,0.5568166931353133
2021-11-10,-1.3364415884485874,0.13446944026310556,0.01361472659920918,1.297481518458968
2021-11-11,-0.9122567695225412,-0.34733076086869524,0.044682927508875356,1.1487194967348333
2021-11-12,-1.05506674739134,0.035647883978103194,1.2151153668760974,1.4262021841778207
2021-11-13,-1.1485284362748418,-0.0040147811584037105,-0.3516215865198127,1.2370472666710213
2021-11-14,-1.3342876427989154,-0.5671997467034248,0.5287237462000234,0.7005995671599146
2021-11-15,-1.0152042130043963,-0.01000792753001061,-0.15902866832477153,0.9370329008091647
2021-11-16,-0.7580571647394531,0.13704152982376705,-1.2633318182589068,0.9640407788858246
2021-11-17,-1.5227344397983023,0.8802589692562528,0.15211276818557143,0.9595601566767756
2021-11-18,-1.1408048579942274,-0.010054953387360075,-0.9391152076481214,1.0649200167355461
2021-11-19,-1.2801352994566273,0.008164307288287705,0.48141784257056497,0.9212655390642618
2021-11-20,-0.42197501314237057,0.22199168655885498,1.7639677569873828,1.3695276362164612
2021-11-21,-0.7588603915276871,0.8391675538778591,2.9745003490776423,1.4192380031719285
2021-11-22,-1.245750365118161,-0.23291559032171893,0.3256193562388412,1.0325785857119834
2021-11-23,-1.1667168921395703,0.345668918091722,0.7451228784782872,1.2461243632146515
2021-11-24,-1.1691617504646814,0.15469051394394007,-0.425087219100596,1.0358606769690093
2021-11-25,-1.161141560769224,0.014834344222492702,0.08175566629445401,1.092382866045102
2021-11-26,-1.3906799490202053,-0.0031670274596587436,-1.903480799795432,1.1425654955177045
2021-11-27,-0.6934391405182371,0.13556678199725977,-1.1842209731623836,1.213302531474796
2021-11-28,-0.8286284543087242,-0.04273607151959918,0.6057173552056777,1.4442752613067524
2021-11-29,-0.6535604519118551,0.05044949219900899,-1.830199418932193,1.5206947731803566
2021-11-30,-0.8034724945414972,0.6940744691843097,-0.2428501820534717,1.1645612965381944
2021-12-01,-0.9364181578046795,0.14012755278442013,0.9179743713072601,1.541206520212296
2021-12-02,-1.0307682301836405,0.4389983068872285,-0.6036867007224022,0.6482078071803671
2021-12-03,-0.5028140382546831,0.44769817290988984,-0.8688114859353602,0.9398644632454259
2021-12-04,-0.40201066996338525,0.4599376166229845,0.4489370040231185,1.1788071145907073
2021-12-05,-0.520533940736017,0.606129308802494,-1.013814689986128,1.179574588834206
2021-12-06,-0.4549783190233405,0.6239176113873478,0.22618828046619302,0.805301308041509
2021-12-07,-0.6176175530003243,0.08549357701289843,0.27581640637943156,0.7787497607898205
2021-12-08,-0.7621366025620689,0.46651867533748553,0.8700788885313341,1.33271651340349
2021-12-09,-0.6199878536428292,0.17911256080338803,-0.6065153306388648,1.4655700991476173
2021-12-10,-0.5936245850215296,0.13844380534132514,-1.0727254782732327,1.2844225032452659
2021-12-11,-0.9614565242087079,1.0338123265676877,-0.7502172962764838,1.5061918620892942
2021-12-12,-0.3066297748827645,0.21300339660739273,-0.14876684533773296,1.260587080991023
2021-12-13,-0.5537112520902207,0.26230219492375856,1.261152296052201,1.2292725649348155
2021-12-14,-0.4273344003801315,1.0198324088458488,-1.5625117705085492,1.1808233542949995
2021-12-15,-0.5700625224393048,0.2754652978279586,-0.28509124342113,1.3611334048255281
2021-12-16,-0.17663099903961282,0.01714404786898804,0.9620716003168334,1.4626123973383434
2021-12-17,-0.19958279381198296,0.4989525533932333,-0.8362247838037076,1.5037683186850446
2021-12-18,-1.000820128512264,0.643432833906712,1.2952108987499145,1.035846634724644
2021-12-19,-0.1846084808287101,0.7938363725484165,1.4075805644699748,1.4886214147908838
2021-12-20,0.0010056148629024994,0.5653479511426464,-0.0868446386435254,1.2104521725158996
2021-12-21,-0.008134642038187478,0.492982898265099,-0.2505893572645758,1.2435483380127492
2021-12-22,-0.3146662324307805,0.648231220166571,0.4209114101085819,1.083060361365625
2021-12-23,-0.6932396313697475,0.41376272595795716,-1.857029258539217,1.1329826260210576
2021-12-24,-0.18637339856792184,0.49118606248397034,-0.746896778322662,1.0682476655821944
2021-12-25,-0.5287573813994227,1.1298920398415135,-0.281130977914521,1.2509014167996075
2021-12-26,-0.49059842963313616,0.6682738585984243,-0.2769252120111772,1.9571555486862764
2021-12-27,0.32445534298561507,0.7408615905105418,0.20938798790361104,1.3124094855977286
2021-12-28,-0.2919571156131957,0.9520706399484998,0.019156732752706792,1.188471308113736
2021-12-29,0.2967327878929347,0.5504713152167223,-0.36555960184314806,1.425905641437073
2021-12-30,-0.10398376748637032,1.3339580574558552,0.48594458347731306,1.2150611671544407
2021-12-31,0.033994198352314695,1.3315331171228357,-0.2870966943061314,1.0749964831980228
2022-01-01,0.07666190588953005,0.81257379212731,-0.4773159176471981,1.4212868260423484
2022-01-02,-0.11302830507285126,1.0629790827720669,1.799260716885474,1.1589563527496527
2022-01-03,-0.22302564504285163,1.1028718745547526,0.2487113377066145,1.191604063216484
2022-01-04,-0.41513077019220956,1.5237430999939248,-0.01638527728171613,1.2667530989484672
2022-01-05,-0.04353098986968792,1.0779028215675412,-0.22820576068003995,1.2025002664465811
2022-01-06,0.6157860195622595,0.9372315965153554,1.7984694694322716,1.418934357568714
2022-01-07,-0.20398546064097758,1.2417841401957759,-0.09495620152231465,1.2870581845831084
2022-01-08,0.025216610194159224,0.994040663037806,0.46983767180651886,1.580337779711725
2022-01-09,0.1476924605796412,0.596842205141624,2.3488078051722914,1.3773268454391436
2022-01-10,-0.06389996843593258,1.095013150059769,1.370106842405506,1.398345514384785
2022-01-11,0.3924018513746214,0.8650106522742931,0.9820507935926309,1.3925501846087045
2022-01-12,0.49782664966507717,0.37646259965337553,1.997402831668078,1.5700798256281594
2022-01-13,0.5352552939622648,1.174376263268311,-0.6751460915235767,1.0516084451863474
2022-01-14,0.4716384677606427,1.1596420664955802,0.862694680659462,2.172189904151468
2022-01-15,0.25934657638768416,1.2492392498949512,-0.5105981336285849,0.8860476696974783
2022-01-16,0.3575494628311919,0.3916209939956547,1.9499974273698082,1.5973001789749655
2022-01-17,-0.051343870570629065,1.2725203875438866,0.004691559601351021,1.36822980650347
2022-01-18,-0.03585711110052016,1.4603099616165744,1.4291657530855708,1.0288996392542218
2022-01-19,0.46611609848038454,1.5318162511699478,0.48192736825616744,1.0949978733438486
2022-01-20,-0.021284029400426556,1.064670426948484,0.21656967851654027,1.3638867822839347
2022-01-21,0.3113967038347091,1.0531410496688485,-1.47129506168466,1.37513407698975
2022-01-22,0.6074350642878668,1.0470187003799192,-0.43142126348081583,1.6375394166630324
2022-01-23,0.498380646548545,1.4227054055667836,-0.3072854632056851,1.2657412411060325
2022-01-24,1.1085632338061886,1.388787244877343,-1.198088360135734,1.3981737898085673
2022-01-25,0.21481045343344837,1.1672338281227708,-0.9435866023535079,1.3971464224766732
2022-01-26,-0.13721967142264407,0.9217097103546684,-0.4410059481043698,1.1800939101795065
2022-01-27,0.8262595712759733,1.1084078400979749,0.8151802268686837,0.9232814684190341
2022-01-28,0.7375249326462566,0.552859272820292,0.23673791942959488,1.2638001388367692
2022-01-29,0.5975046781935796,0.11850522601401577,-0.5276988665887834,1.2331593606458155
2022-01-30,0.6090494063173785,2.2234089258811025,1.5830748256313945,0.8908352570166683
2022-01-31,0.5103362404082478,0.8386687083521537,-0.8691871227880357,1.4434553301152493
2022-02-01,0.5334621049331391,1.5147635507287855,-0.5808491389320387,1.6232501422659158
2022-02-02,0.7067280581733985,1.0407932884187,-1.7763225418158968,1.4164569395446747
2022-02-03,0.5629506863579296,1.7206982174592798,-1.0534118434549136,1.5272710705224921
2022-02-04,0.7252258822879426,1.1321253623664032,0.7964965703817471,1.6629228204125779
2022-02-05,1.195596687957574,1.3878555692879793,0.5824003488681455,1.1651498436818044
2022-02-06,0.6173427467195,1.4105050804402128,-0.32957881353889623,1.1835346548490013
2022-02-07,0.7726099121621866,0.7342807102152359,0.221030042722941,1.1251875328770178
2022-02-08,0.5338494821279562,1.198925203696254,-0.09746348208552834,0.9914652136865619
2022-02-09,1.0013356651631848,1.1076834794601484,-1.0989278744865316,0.764527751956273
2022-02-10,0.8013373236990223,1.2706547362444092,-1.9972810991912247,1.1625939276397719
2022-02-11,1.3012320070278858,1.2611625374300361,-1.1291521383044452,1.2705207345904597
2022-02-12,0.8629074734134058,1.3232588992010528,0.6937596840842111,1.014197503781617
2022-02-13,0.9692299148716104,1.035508329445375,-1.947276152968104,1.1689040652577876
2022-02-14,0.8566584820506858,1.1524501262060383,0.8517047113729495,1.2328727071645147
2022-02-15,1.1719024114266459,1.90127800915157,-1.5879267839019893,1.104374666603095
2022-02-16,1.3947502453750944,1.0772610059764152,0.5106436341745864,1.1027818261316888
2022-02-17,1.0802615616247009,1.5031858030231735,1.1295545186678881,0.5313965485179577
2022-02-18,0.9917157868928007,1.7566653684283928,-1.5542883214378496,1.336654932439954
2022-02-19,0.6998694675375765,1.515353690261645,1.658168356899063,0.9383116890354977
2022-02-20,0.7327994508114548,1.5891718677274382,3.7145335697640918,1.3052297485732243
2022-02-21,1.3376021524135866,1.2834400656637144,0.36145544618887987,0.9293109554248541
2022-02-22,0.8799921539541861,1.3435913468701017,0.6940146181426119,0.8216798168231814
2022-02-23,1.3866368018287107,0.7157241937324607,0.8542228795344486,0.7742271284161237
2022-02-24,0.8282027059600552,1.410303441095552,-1.3121773110805637,0.9745131337888123
2022-02-25,0.3727856477277516,1.0392016188549404,-0.9000597833930519,0.48835546966208837
2022-02-26,1.0590147808657975,1.1363690812493694,-0.7936650233302289,1.1392136223400364
2022-02-27,0.6642078870428649,1.497861165670689,-1.2627896652098127,0.44834751152269975
2022-02-28,0.9319653362365738,1.1238612463547863,-1.341861328267622,0.6495220635908384
2022-03-01,1.2688961896358095,1.2329989674297022,-0.5611654609341706,0.6954057981671967
2022-03-02,1.0115640896852707,1.211100465913239,-1.0402494615207785,0.1592445430925267
2022-03-03,1.1308816634068644,0.9770084991595871,-0.8338850420867289,0.6312891534052917
2022-03-04,0.9051375238555371,0.893170695575862,0.4854928948705743,0.8943882824606213
2022-03-05,0.915969268215869,1.2291623811140948,2.1476190504635237,0.8781851869797656
2022-03-06,1.153741769912815,1.715284772152315,0.24115267475610874,0.3298893539665266
2022-03-07,0.8662626109256181,1.5048842542132563,1.95703523179857,0.19924634249246093
2022-03-08,0.4958414499545904,1.4635489445428584,-0.42207955582943446,0.7837406790869117
2022-03-09,1.0046469324612846,1.154583717884475,1.9532438230556044,0.4553145947297615
2022-03-10,0.9378613215611526,0.9698258770643833,1.9599777096315525,0.16743112155935871
2022-03-11,1.0427536253379064,1.104465355819292,-0.26191827463446177,0.4782792854137985
2022-03-12,1.7474981095736444,1.1467441463406396,0.7643830042132151,0.5023442355470101
2022-03-13,1.0235336632299539,1.0150913199335754,-0.4254756125885194,0.3666544432832467
2022-03-14,1.1340258603404088,0.6509558118250243,0.3527986514942933,0.8124415983363521
2022-03-15,1.1384780772234244,1.0822317639613603,0.866751301237864,0.6144067862687568
2022-03-16,0.933949175018073,0.79574955653423,-0.15989773874679974,0.3411606876587836
2022-03-17,1.4920301403104728,1.5575186797126137,-0.27110569112227834,0.2926505734278191
2022-03-18,1.2913210275996514,1.367555256513219,-0.45215383648540153,0.2612287384941084
2022-03-19,1.7811850371678783,1.0603504801017398,-0.5459167241737463,0.8088992180955303
2022-03-20,1.310853989600956,1.1228899847219163,-1.854227468212344,0.06465984991986239
2022-03-21,1.5286525737613017,1.0235750223380473,-0.11856998701134837,0.5828072225589973
2022-03-22,1.1809153360576066,0.8798181130062422,0.06591307577562835,0.34662317737572684
2022-03-23,1.1596453502173572,1.276900804973124,-0.8877173152602676,0.2577988956933623
2022-03-24,1.03599470631558,1.5367497787194608,0.3829498395497164,0.19234115914484065
2022-03-25,1.4684371834292391,1.3542211256784984,-0.8828747944927298,0.8091184392200909
2022-03-26,1.4370221378403871,1.282658652693617,-1.9012425917203675,0.17583164190980674
2022-03-27,0.8424883048285617,1.0488312049665611,1.8533209943497329,-0.284616924064182
2022-03-28,1.522098733724449,1.1260311766015363,2.391571092349483,-0.13911106850471086
2022-03-29,1.4381712262306623,1.089386461945949,0.02084377628735932,0.5222998688431768
2022-03-30,0.9851375185690056,0.5104238578190662,0.3907329925659805,-0.05389325916712932
2022-03-31,1.2223250435391917,1.3603204401633529,0.676592800260715,0.08176640478831747
2022-04-01,0.7752158980887575,0.8700307479982127,-0.6875454193269757,0.21416345642435902
2022-04-02,1.527576194565672,0.8629412193789012,-0.5877287015912511,0.08610917949524179
2022-04-03,1.4565904084817924,0.9234391933249539,-1.1732805153153667,0.15706135693704038
2022-04-04,1.2207516075943818,1.5646357479770616,0.42213628038618833,0.232869737386337
2022-04-05,1.4791903959974453,1.0015785789507587,0.9003032809703316,-0.03031159553272759
2022-04-06,1.6818705828623257,0.03873046329537024,0.8616148192242016,-0.4147391948767669
2022-04-07,1.6851647699252958,0.9804484392012002,0.3900154920292869,0.014265905290519017
2022-04-08,1.0418985093542834,0.6242089139136051,-0.1976538251193534,-0.11533916988629815
2022-04-09,1.1525345128814775,0.2998442533857757,0.33232031124749517,0.4189717275448183
2022-04-10,1.0371926516292198,0.46689530394039924,0.4336093516342471,-0.1606576638597804
2022-04-11,0.947738518947618,0.40639982097295324,0.6557911069942982,-0.016995061750623684
2022-04-12,1.4490533088160389,0.3365071983678559,-0.017311868568714212,-0.1918606704154324
2022-04-13,0.9453310340795321,0.6607108332924626,0.016701945527583483,-0.4990386828339267
2022-04-14,1.1405378773377086,0.8082974488275245,1.3855035893954977,-0.08916511235778272
2022-04-15,1.6388430800510865,0.00951455195425772,-1.392607057508868,-0.2685860718510506
2022-04-16,1.2086878585929843,0.8504378636492025,-1.692289148779692,-0.07192759954547004
2022-04-17,0.9041941594202662,0.7198684712959605,-1.1872326631845278,-0.09070045009428644
2022-04-18,1.6524298741889412,0.5917126718853748,-0.2662964190235926,-0.7920304811503687
2022-04-19,0.8867428146277961,0.42111594716300477,1.0341814412874948,0.27922734420156575
2022-04-20,1.164856141970356,0.99367117534855,0.413250666673255,-0.46480681831565057
2022-04-21,1.0959079706684016,0.5509750843469068,0.17850406041071934,-0.45356128204020213
2022-04-22,1.0641974101850635,0.6683149956265519,-0.6224007625526805,-0.3731176411481335
2022-04-23,1.097764508372391,1.1884989172792708,-0.10085628896029575,-0.3374796075162155
2022-04-24,1.4357388492062575,0.25593490443011263,0.11513398905635336,-0.11703441548087973
2022-04-25,0.9947526100614549,0.2979174349639015,0.5749135013380365,-0.30933150740003296
2022-04-26,1.3880656474850288,0.2848227060789642,0.3205229735396944,-0.8755784257905114
2022-04-27,0.9274225139184918,0.013730013979399276,-1.4873752412397376,-1.0937836046064977
2022-04-28,1.220978117540535,0.13733240239729375,1.2467563687949301,-0.3680677490408238
2022-04-29,1.4016137742985002,0.7064531043703354,-2.0238652786064635,-0.42521957317547127
2022-04-30,1.1584266876486147,-0.33327634548205143,-0.9672891780644827,-0.34119619231510206
2022-05-01,1.188401057039966,0.7842574583682096,0.1781712122519413,-0.20156732200549166
2022-05-02,1.3510721786946027,0.32785984284415887,0.9393948810131009,-0.6805676625779781
2022-05-03,1.0910103768701338,0.5960414802102338,-0.05245168636555274,-0.5364086550352819
2022-05-04,1.0049481276114285,-0.050910006236597645,-1.8565998411446165,-0.7343000669351935
2022-05-05,1.198551534717704,0.09947526157089542,-0.042567056768694045,-0.45804020873606294
2022-05-06,1.0920824589278297,0.37294647875223164,0.6571088282784009,-0.5675570861010713
2022-05-07,0.3546827125582407,-0.13010359977591882,-0.39684383343878554,-0.4078273449345134
2022-05-08,1.0906613122016149,0.4205873033279848,1.709308251646452,-0.5691867939077387
2022-05-09,1.1975959001843888,0.06959487339724084,-0.8716988430283936,-0.569535701926962
2022-05-10,0.6508292892786679,-0.0036840298694574684,-0.5632086952327949,-0.6955582589817646
2022-05-11,0.764536731809511,0.19126820354678511,-0.6133922792839595,-1.0824902000680603
2022-05-12,1.0267529606194215,0.2319597511219725,0.5066132472045768,-0.2240705673724732
2022-05-13,0.881334070482377,-0.23370202758251102,0.37191421091224697,-1.0853240670348376
2022-05-14,0.802219062200115,0.6658808206131119,-0.16333421029608772,-0.9134640439004256
2022-05-15,0.7512381673654193,0.2579104213883711,1.7521234467017763,-1.169362901088578
2022-05-16,0.8397722613784635,-0.08423643492524005,0.11795722479757008,-0.8462046134302512
2022-05-17,0.47099270884023126,0.298974033711181,-0.9943907016215192,-1.182005424767424
2022-05-18,0.6387930048990088,0.4065945207808889,2.0873738336097585,-0.639899599700606
2022-05-19,1.2077381322890222,-0.28537206168641166,2.0629691023740766,-0.9067912746325112
2022-05-20,0.3129815149436822,-0.2804241269752019,-0.20011590244012298,-0.7509424671960604
2022-05-21,0.9320426624671838,-0.23913148589047745,0.6777236742826653,-0.7625130132891426
2022-05-22,1.222206592363738,-0.16900463970821372,1.0129612250608295,-0.7961388991635052
2022-05-23,0.8320183708519203,-0.26500520306728115,0.34723341366609556,-1.0659364709748111
2022-05-24,0.8108714496659164,-0.21671076801804487,-1.124567665425749,-0.7725535807534532
2022-05-25,0.8352393232679511,-0.5499001251518694,0.3876125561126076,-0.8246901740351875
2022-05-26,0.9150931217639525,0.017398740935556337,-1.5408768640562691,-1.0224658454071376
2022-05-27,0.09196451667835426,-0.7369266638917283,-1.0501354781279042,-1.3165911545998612
2022-05-28,0.8375553845389685,-0.5664834376295625,-0.5915302521558653,-1.2135625191466615
2022-05-29,0.13237036058840157,-0.7045082965875766,-1.5875058526825685,-0.8605801140128596
2022-05-30,0.9757813032262241,-0.06407934263826309,-0.004135712812796495,-1.2744982561149025
2022-05-31,0.9333911070518863,-0.11125652503033386,-0.6219112327793033,-0.4567710839781892
2022-06-01,0.6505432163066084,-0.28519257866129155,-1.5932195018353406,-1.3032262640279277
2022-06-02,0.7416424149951822,-0.8368857609127611,-1.7380219909801011,-0.8673624687876335
2022-06-03,0.1570292654602657,-0.2023089161873941,0.8168238047192997,-1.2210977171034216
2022-06-04,0.5573932673360225,-0.7172794431804524,-1.4954156772541354,-1.1144556037814595
2022-06-05,0.29920963132109635,-0.2964274049552289,1.498338457070196,-1.2927978563621008
2022-06-06,0.7483980521361676,-0.1415714168983,1.2078867118783667,-1.0388845530614712
2022-06-07,0.9458536678022176,-0.8920124264507858,1.0459691787694156,-1.2879788687351237
2022-06-08,0.6656574184859992,-0.07421908366688247,0.02909291672654379,-1.0079622536936232
2022-06-09,0.39039455792424865,-0.8210340166197359,-0.5616345680426605,-0.8825973933191502
2022-06-10,0.28453767602542496,-0.2698548304242801,-0.8158993915289396,-1.1273264527376399
2022-06-11,-0.199377627835007,-0.3468325691938498,1.0296590105378571,-1.4869206764715475
2022-06-12,0.5802446482433262,-0.6731450265325352,0.4416396153219084,-1.4093135253345983
2022-06-13,0.014857483484643854,-0.21036852251323973,-0.09996141785897462,-1.3195561122616797
2022-06-14,0.48617124216747176,-0.3877290944797549,-1.6402969030514953,-1.4203058391341632
2022-06-15,0.3874446646108312,-0.23063564395694758,0.44275920850173595,-1.0858079494430848
2022-06-16,0.23828867021608516,-0.4501461788493124,-0.5302386151460861,-1.3295906109904718
2022-06-17,0.009442896962978578,-0.28686183504980417,0.6275433870895244,-1.1665566853466762
2022-06-18,0.879367636200772,-1.1839287315314186,-0.26726073938506895,-0.9508531746291081
2022-06-19,-0.19918738926963905,-1.1808982383507172,0.19791362881492514,-1.3666099077532177
2022-06-20,0.041461788602305163,-1.0481927797293922,2.6849224791245057,-1.541791881906488
2022-06-21,-0.3545025936819231,-1.497817750391788,-1.2822944718780453,-1.2735539417195112
2022-06-22,0.582105877311,-0.7260205894426437,-1.6712838176980975,-0.8992743300577457
2022-06-23,0.018193179451048563,-0.6367771978958238,-0.4346644237347135,-1.7285650700244373
2022-06-24,0.6343505329553376,-0.5963450063482497,0.7944571547691504,-1.1399569896427817
2022-06-25,0.5790497051989004,-1.0467322042921887,-0.6823151706238061,-1.3381470283440786
2022-06-26,0.02291243047256802,-0.7253004072355106,0.24318390170560825,-1.2136739286221494
2022-06-27,0.004496247581010226,-0.4378447144283864,0.43725347068023135,-1.433451330328753
2022-06-28,0.08804894792210662,-1.061980541494967,-0.7370854248062553,-1.6393501119103357
2022-06-29,0.2479570700922032,-0.6319743780536575,-0.5807374509830001,-0.8970167084487768
2022-06-30,-0.14582283235579901,-1.1701270954907457,0.5041495783990741,-1.1189928267547085
2022-07-01,-0.28025886561069857,-1.3300342215664953,1.1218592726854282,-1.1408992530997604
2022-07-02,-0.6439570705927038,-0.9899022016608688,0.5888942039422967,-1.3550986367867714
2022-07-03,-0.3475376537589773,-0.7211684862556109,0.6139336754535195,-1.4982882130385105
2022-07-04,-0.321346190153098,-1.744910937964297,0.5925503786965007,-1.5717058036420197
2022-07-05,-0.34088887999118284,-0.6707805441517628,-0.014833459166751797,-0.7839297239619407
2022-07-06,-0.12438014315985081,-1.368210269354557,-1.2730405133834926,-0.716530300360036
2022-07-07,-0.42624750211813267,-0.16787615359197555,-1.2250366355225002,-1.2867002733953516
2022-07-08,-0.08259900793231997,-1.629484089806943,-1.1893272676722315,-1.0847594067755262
2022-07-09,-0.16242512784289487,-0.6714899435526933,-0.5489523799815187,-0.9951539843604135
2022-07-10,-0.4517922928970082,-0.6617950409885869,-0.13775978959760507,-1.0617977298309986
2022-07-11,-0.42328206330391693,-0.6036221720174904,-0.6051897391770661,-0.7772808981787519
2022-07-12,-0.28321476955266667,-1.2893414058558406,-0.8622686370378134,-0.9828813907627876
2022-07-13,-0.21464832848880308,-0.9248651613828642,1.0301778681775557,-1.5724163715146813
2022-07-14,-0.8490547659469487,-0.9440358272897927,1.323544477112082,-1.1700083438178666
2022-07-15,-0.10098594319220723,-0.8907463214734042,0.49255602424241524,-1.3450064833057567
2022-07-16,-0.23700363893794144,-0.9795646785176094,0.9950813260514663,-1.1720216335441749
2022-07-17,-0.560994807734156,-1.1719878286618515,0.5796731247627273,-1.555333324066047
2022-07-18,-0.8533699013013217,-1.5206102396617818,-0.8685392533454582,-1.2483251855607804
2022-07-19,-0.5195572216743638,-0.9731693940148652,-0.42339223201929227,-1.0201369435057004
2022-07-20,0.19621045157224568,-0.5919441201252374,-0.46620442761672704,-1.5334100675275821
2022-07-21,-0.44127528419786294,-1.3552975290717744,1.0577612497285445,-0.6880715316341753
2022-07-22,-0.48110643172662637,-1.184772367478507,0.32045617525145975,-1.5631186076793773
2022-07-23,-0.6512304622806705,-1.368376634246676,1.5790090595815833,-1.2423563509322548
2022-07-24,-0.3972551180970852,-1.3514790602553635,-0.08634970922798964,-1.2396857517026676
2022-07-25,-0.4222210724161979,-0.9677913610980514,-0.21756371167646282,-0.8974128548716749
2022-07-26,-0.5139462924828732,-1.5939460081781316,-0.8398697777642101,-1.021538036805303
2022-07-27,-0.39184912093599034,-1.1190562728557698,-1.351035079476061,-0.849997463326226
2022-07-28,-0.31922649819175036,-0.6514833820298985,0.12578584264927611,-1.5452591259378212
2022-07-29,-0.8292775727606672,-1.6316086516932726,1.1738307185194348,-1.2355514489392128
2022-07-30,-0.9747569899019398,-1.704574098825828,0.24326180314029505,-1.5308367654901722
2022-07-31,-0.6429066969747901,-1.0622476670294827,-0.41724771420171425,-0.8455867810741593
2022-08-01,-0.5107448711350521,-1.1578867027314308,0.002338559446892334,-1.1857748290726478
2022-08-02,-0.5255834284427803,-1.0374994842004026,0.8286012636384958,-0.6596246501261088
2022-08-03,-1.0232676400986866,-1.3643782959346495,-0.760829749641451,-0.7093185180843572
2022-08-04,-0.5543947379829026,-1.4983595803079492,-1.588302821753817,-1.3379663236624655
2022-08-05,-1.1584612079520888,-1.0340289791805064,-1.1511627933427084,-1.0947071807998043
2022-08-06,-1.0035975252999316,-1.1805641774026456,-0.6936767503620962,-1.0708621940108267
2022-08-07,-0.9466897041811922,-1.5809852610566564,-0.8814258955608146,-1.4900969261306953
2022-08-08,-1.0514686624872607,-0.7694966668655397,0.12208146022645891,-0.4518921961766592
2022-08-09,-1.2235795761244892,-1.7109501380699783,-0.5065766541281734,-0.8763378311506349
2022-08-10,-0.7601751814135628,-1.5920772402090477,-0.5157304687289137,-0.7829778201647668
2022-08-11,-1.4222861527695692,-1.2239616768570292,0.31148136411696375,-0.6277407604694564
2022-08-12,-0.9377656661676239,-1.3728447232551584,-0.1844610721189384,-1.243249674089812
2022-08-13,-0.8333726488086093,-1.3065241400605798,0.004843211831550019,-0.48351559887983603
2022-08-14,-0.7844388533231562,-0.963791260229767,-1.8925963292907502,-0.557909139359344
2022-08-15,-1.2770691921585289,-1.1091953965663515,-0.014115763540329155,-0.6830138758335476
2022-08-16,-1.3549581293474804,-1.0401858378931477,0.20866285309446278,-1.0011922872222065
2022-08-17,-0.8100611352768208,-1.4385629154957982,1.0767452166123,-1.1792271767295537
2022-08-18,-1.1410423757576913,-1.0222191961399814,1.3057718220027759,-1.1513696640281237
2022-08-19,-1.3020213794086697,-1.3635598563463491,-0.16562521544265887,-1.2296648354443847
2022-08-20,-1.2291166923632788,-0.776066767094259,-0.5613804723367466,-0.7193080928061446
2022-08-21,-1.3930050501977334,-0.9543514267113331,1.3759011947986892,-0.7763541812245349
2022-08-22,-1.3168474641217265,-1.5424087883612885,-0.01333351469999035,-0.6306897895909649
2022-08-23,-1.054696406997643,-1.2980356806954203,1.1523865622295002,-0.5614159321912179
2022-08-24,-1.325204596718383,-1.6049674207290845,-0.4222911142754174,-0.3255233157198888
2022-08-25,-0.7375777041586042,-1.6224634291947813,0.46605725427844696,-0.8523503995776456
2022-08-26,-1.1097621914595075,-1.5793280306649502,-0.5726464457804016,-0.9458544341487223
2022-08-27,-1.289884645052698,-0.9839347006245401,-1.2279256505232734,-0.21391510095971059
2022-08-28,-1.4023216419617506,-1.5753337166470047,2.170926182690475,0.09438066286679316
2022-08-29,-0.948625932903179,-1.3166102594766949,0.5274415951727731,-0.6720259021320143
2022-08-30,-1.229478002183353,-0.7274349743533146,-1.4826076514831041,-0.7254927001052085
2022-08-31,-1.1296683316393838,-1.3105901731014187,-0.12148386468008857,-0.5071233036857912
2022-09-01,-1.1558877003218442,-1.4425057098637153,0.6566609623736538,-0.6142517966988642
2022-09-02,-1.2529072914762496,-1.0145120503144243,-0.41093124439284723,-1.0384044802649919
2022-09-03,-0.768273652198958,-1.0965774376032864,-0.5292623253735639,-0.6691589386200008
2022-09-04,-1.2046020089110334,-1.5477952661295848,0.08945621914108107,-0.49028168746913714
2022-09-05,-1.535400736850024,-0.7617689598171548,0.22214963448468378,-0.6115167392116725
2022-09-06,-1.6742093911025677,-1.9059708905107133,-0.20888656680379694,-0.6472049557612773
2022-09-07,-1.3754996625060294,-0.7833690455749189,1.6442790608720685,-0.3962354013016416
2022-09-08,-1.345747054314851,-1.1802383914644727,-0.9476584395913906,-0.6767851889401909
2022-09-09,-0.7468987203342722,-1.6745513884229783,-1.6464682249883884,-0.612169819951805
2022-09-10,-1.4026298003032367,-1.0970002053397385,-0.834156270257631,0.32963014740821234
2022-09-11,-1.5946671424477716,-1.2268724065952779,0.10450829680578315,-0.39602969319723924
2022-09-12,-1.130881176650851,-1.486708457016047,0.2578792442331619,-0.18657663537390545
2022-09-13,-1.3202275854608714,-1.556961090769027,-0.028093179190110066,-0.6509792574928791
2022-09-14,-1.0716914474172208,-0.8712750629337614,-0.7497181584903864,-0.23665713300208285
2022-09-15,-0.9006516559069095,-1.6146323433193956,0.7981653814938342,0.40650700128814676
2022-09-16,-2.015774963248519,-1.0685818731520194,-0.5320846046455106,-0.2880613751539937
2022-09-17,-1.2165339986936479,-1.027346508103569,-0.38925442292909906,-0.584660371876759
2022-09-18,-1.5591199031473861,-1.4084926002388731,0.5829214616557885,-0.038577932990547494
2022-09-19,-1.0510667125474455,-1.1648563615408956,-0.38389443141643087,-0.21376495059905537
2022-09-20,-1.653908385897915,-1.0794330050570884,0.32308541116249107,-0.27925602020128026
2022-09-21,-1.765327918895983,-1.2700437822333672,1.0478525255345723,-0.40891543739243674
2022-09-22,-1.3228360402364894,-1.182429422449635,0.9531941017514318,-0.6252278872173789
2022-09-23,-1.3180202068501163,-1.5274373015083957,-0.3876670900414129,-0.1961107920386202
2022-09-24,-1.259758427147231,-1.071630356680653,2.28576893002569,-0.44709819754856955
2022-09-25,-1.1783137396815828,-1.1844536301314181,1.4633794445922486,-0.21769023013030855
2022-09-26,-1.2942962069622932,-1.2368441551691292,0.015675806031549132,0.04288608322617008
